canonical_name,unsw_feature,cicids_feature,semantic_valid,semantic_reason,unit_conversion,unsw_missing_ratio,unsw_invalid_ratio,unsw_finite_value_ratio,unsw_constant,unsw_near_zero_variance,unsw_dominant_fraction,unsw_quality_score,cicids_missing_ratio,cicids_invalid_ratio,cicids_finite_value_ratio,cicids_constant,cicids_near_zero_variance,cicids_dominant_fraction,cicids_quality_score,imputation_median,quality_score,status,score_mean,score_std,ks_mean,ks_std,wasserstein_mean,wasserstein_std,W_normalized_mean,MI,MI_similarity,KS_similarity,W_similarity,equivalence_score,redundancy,selection_gain,rank
flow_duration,dur,flow_duration,True,"Retain V1: elapsed first-to-last observed packet time per bidirectional flow record; UNSW seconds and CICIDS microseconds. Singleton duration is zero. Flow timeout/report boundaries remain extractor-dependent; equivalence is of the measured record quantity, not identical flow populations.",cicids_us_to_seconds,0.0,0.0,1.0,False,False,0.004795298203432846,1.0,0.0,4.48247296331181e-05,0.9999551752703669,False,False,0.020618030222300906,0.9999551752703669,0.027648,0.9999551752703669,eligible,0.6021536949646265,0.000709122611093969,0.701392,0.001369954743778053,0.23821395313792296,0.001090040548193514,1.434596521603402,0.07777581251146404,0.9215099589287776,0.701392,0.23821395313792296,0.6021536949646265,0.0,0.6021536949646265,1.0
forward_packets,spkts,total_fwd_packets,True,"Retain V1: directional observed-packet count per bidirectional flow record, including observed retransmitted packets rather than unique sequence bytes. Direction uses the predeclared source=forward and destination=backward convention; flow boundary policies may differ. A singleton contributes one packet in its direction, zero in the other.",identity,0.0,0.0,1.0,False,False,0.2028507453767659,1.0,0.0,0.0,1.0,False,False,0.34010224577569476,1.0,16.0,1.0,eligible,0.5535398403234864,0.0005213244432195304,0.47379999999999994,0.0008463332676907042,0.49798415169711097,0.0006778521402337269,0.6971879528577246,0.05048572600555233,0.59816924819665,0.47379999999999994,0.49798415169711097,0.5535398403234864,0.8350052200250658,0.3865387963184732,3.0
backward_packets,dpkts,total_backward_packets,True,"Retain V1: directional observed-packet count per bidirectional flow record, including observed retransmitted packets rather than unique sequence bytes. Direction uses the predeclared source=forward and destination=backward convention; flow boundary policies may differ. A singleton contributes one packet in its direction, zero in the other.",identity,0.0,0.0,1.0,False,False,0.1803393476679075,1.0,0.0,0.0,1.0,False,False,0.2803236458959839,1.0,18.0,1.0,eligible,0.5825045915940138,0.002054547158312491,0.45643399999999995,0.0011841216153757697,0.4283742616971825,0.005001996536664045,0.8478264064241511,0.08440040366126443,1.0,0.45643399999999995,0.4283742616971825,0.5825045915940138,0.6316516935811256,0.4561742528777887,2.0
forward_bytes,sbytes,total_length_of_fwd_packets,False,Reject: CICFlowMeter directional byte totals and means use transport payload lengths; Argus packet byte counters use input packet length and mean size divides those bytes by packet count. Header accounting differs and cannot be fixed by a constant unit conversion. Payload-free singleton/control packets can be zero in CICIDS but have positive full-packet size. Observed retransmission payload is accumulated again in CICFlowMeter; the historical UNSW build/config is unavailable. Same nominal direction and record aggregation do not resolve computation mismatch.,identity,,,,,,,,,,,,,,,,,semantic_rejected,,,,,,,,,,,,,,,
backward_bytes,dbytes,total_length_of_bwd_packets,False,Reject: CICFlowMeter directional byte totals and means use transport payload lengths; Argus packet byte counters use input packet length and mean size divides those bytes by packet count. Header accounting differs and cannot be fixed by a constant unit conversion. Payload-free singleton/control packets can be zero in CICIDS but have positive full-packet size. Observed retransmission payload is accumulated again in CICFlowMeter; the historical UNSW build/config is unavailable. Same nominal direction and record aggregation do not resolve computation mismatch.,identity,,,,,,,,,,,,,,,,,semantic_rejected,,,,,,,,,,,,,,,
forward_mean_size,smeansz,fwd_packet_length_mean,False,Reject: CICFlowMeter directional byte totals and means use transport payload lengths; Argus packet byte counters use input packet length and mean size divides those bytes by packet count. Header accounting differs and cannot be fixed by a constant unit conversion. Payload-free singleton/control packets can be zero in CICIDS but have positive full-packet size. Observed retransmission payload is accumulated again in CICFlowMeter; the historical UNSW build/config is unavailable. Same nominal direction and record aggregation do not resolve computation mismatch.,identity,,,,,,,,,,,,,,,,,semantic_rejected,,,,,,,,,,,,,,,
backward_mean_size,dmeansz,bwd_packet_length_mean,False,Reject: CICFlowMeter directional byte totals and means use transport payload lengths; Argus packet byte counters use input packet length and mean size divides those bytes by packet count. Header accounting differs and cannot be fixed by a constant unit conversion. Payload-free singleton/control packets can be zero in CICIDS but have positive full-packet size. Observed retransmission payload is accumulated again in CICFlowMeter; the historical UNSW build/config is unavailable. Same nominal direction and record aggregation do not resolve computation mismatch.,identity,,,,,,,,,,,,,,,,,semantic_rejected,,,,,,,,,,,,,,,
forward_iat,sintpkt,fwd_iat_mean,False,"Reject as unverified: CICFlowMeter averages consecutive observed same-direction timestamp gaps (microseconds) and exports zero for <=1 packet in that direction; addPacket has no TCP-sequence deduplication. Argus combines active/idle interval means weighted by their sample counts, reports milliseconds, and defaults to zero without interval statistics. Exact UNSW interval population, historical jitter settings, retransmission/out-of-order handling and flow reporting configuration are not established. Unit conversion alone cannot establish equality.",iat_to_seconds,,,,,,,,,,,,,,,,,semantic_rejected,,,,,,,,,,,,,,,
backward_iat,dintpkt,bwd_iat_mean,False,"Reject as unverified: CICFlowMeter averages consecutive observed same-direction timestamp gaps (microseconds) and exports zero for <=1 packet in that direction; addPacket has no TCP-sequence deduplication. Argus combines active/idle interval means weighted by their sample counts, reports milliseconds, and defaults to zero without interval statistics. Exact UNSW interval population, historical jitter settings, retransmission/out-of-order handling and flow reporting configuration are not established. Unit conversion alone cannot establish equality.",iat_to_seconds,,,,,,,,,,,,,,,,,semantic_rejected,,,,,,,,,,,,,,,
forward_jitter,sjit,fwd_iat_std,False,Jitter is not established as standard deviation of packet interarrival times.,iat_to_seconds,,,,,,,,,,,,,,,,,semantic_rejected,,,,,,,,,,,,,,,
backward_jitter,djit,bwd_iat_std,False,Jitter and interarrival standard deviation are different or unverified estimators.,iat_to_seconds,,,,,,,,,,,,,,,,,semantic_rejected,,,,,,,,,,,,,,,
forward_window,swin,init_win_bytes_forward,False,UNSW window summary not verified as initial advertised TCP window.,identity,,,,,,,,,,,,,,,,,semantic_rejected,,,,,,,,,,,,,,,
backward_window,dwin,init_win_bytes_backward,False,UNSW window summary not verified as initial advertised TCP window.,identity,,,,,,,,,,,,,,,,,semantic_rejected,,,,,,,,,,,,,,,
forward_load,sload,flow_bytes_s,False,Direction mismatch: source load versus bidirectional flow throughput; byte accounting also differs.,identity,,,,,,,,,,,,,,,,,semantic_rejected,,,,,,,,,,,,,,,
backward_load,dload,bwd_packets_s,False,Incompatible quantities: bit rate and packet rate.,identity,,,,,,,,,,,,,,,,,semantic_rejected,,,,,,,,,,,,,,,
tcp_rtt,tcprtt,flow_iat_mean,False,Handshake round-trip latency is not mean flow packet interarrival time.,identity,,,,,,,,,,,,,,,,,semantic_rejected,,,,,,,,,,,,,,,
forward_loss,sloss,fwd_psh_flags,False,Retransmitted/dropped packets are not PSH flags.,identity,,,,,,,,,,,,,,,,,semantic_rejected,,,,,,,,,,,,,,,
forward_ttl,sttl,min_seg_size_forward,False,TTL and TCP segment header size measure different quantities.,identity,,,,,,,,,,,,,,,,,semantic_rejected,,,,,,,,,,,,,,,
http_body,res_bdy_len,total_length_of_fwd_packets,False,HTTP response body differs in direction and aggregation from forward flow packet lengths.,identity,,,,,,,,,,,,,,,,,semantic_rejected,,,,,,,,,,,,,,,
