canonical_name,unsw_feature,cicids_feature,available_unsw,available_cicids,semantic_valid,meaning_match,direction_match,unit_match,computation_match,aggregation_match,evidence,decision_reason
flow_duration,dur,flow_duration,True,True,True,True,True,True,True,True,https://research.unsw.edu.au/projects/unsw-nb15-dataset | https://www.unb.ca/cic/research/applications.html | https://github.com/openargus/clients/blob/e12739eb478900a2d7465ac24e75fad0b0bccd05/common/argus_client.c#L11944 | https://github.com/ahlashkari/CICFlowMeter/blob/98a5ebad0df579cc8b43eedd3421b3ae87699901/src/main/java/cic/cs/unb/ca/jnetpcap/BasicFlow.java#L1104 | https://github.com/ahlashkari/CICFlowMeter/blob/98a5ebad0df579cc8b43eedd3421b3ae87699901/src/main/java/cic/cs/unb/ca/jnetpcap/PacketReader.java#L122,"Retain V1: elapsed first-to-last observed packet time per bidirectional flow record; UNSW seconds and CICIDS microseconds. Singleton duration is zero. Flow timeout/report boundaries remain extractor-dependent; equivalence is of the measured record quantity, not identical flow populations."
forward_packets,spkts,total_fwd_packets,True,True,True,True,True,True,True,True,https://research.unsw.edu.au/projects/unsw-nb15-dataset | https://www.unb.ca/cic/research/applications.html | https://github.com/openargus/argus/blob/fc7a7a844e3f119d70f69963f2aec3ac0fdc068a/argus/ArgusModeler.c#L3065 | https://github.com/openargus/clients/blob/e12739eb478900a2d7465ac24e75fad0b0bccd05/common/argus_client.c#L13977 | https://github.com/ahlashkari/CICFlowMeter/blob/98a5ebad0df579cc8b43eedd3421b3ae87699901/src/main/java/cic/cs/unb/ca/jnetpcap/BasicFlow.java#L174,"Retain V1: directional observed-packet count per bidirectional flow record, including observed retransmitted packets rather than unique sequence bytes. Direction uses the predeclared source=forward and destination=backward convention; flow boundary policies may differ. A singleton contributes one packet in its direction, zero in the other."
backward_packets,dpkts,total_backward_packets,True,True,True,True,True,True,True,True,https://research.unsw.edu.au/projects/unsw-nb15-dataset | https://www.unb.ca/cic/research/applications.html | https://github.com/openargus/argus/blob/fc7a7a844e3f119d70f69963f2aec3ac0fdc068a/argus/ArgusModeler.c#L3065 | https://github.com/openargus/clients/blob/e12739eb478900a2d7465ac24e75fad0b0bccd05/common/argus_client.c#L13977 | https://github.com/ahlashkari/CICFlowMeter/blob/98a5ebad0df579cc8b43eedd3421b3ae87699901/src/main/java/cic/cs/unb/ca/jnetpcap/BasicFlow.java#L174,"Retain V1: directional observed-packet count per bidirectional flow record, including observed retransmitted packets rather than unique sequence bytes. Direction uses the predeclared source=forward and destination=backward convention; flow boundary policies may differ. A singleton contributes one packet in its direction, zero in the other."
forward_bytes,sbytes,total_length_of_fwd_packets,True,True,False,False,True,True,False,True,https://research.unsw.edu.au/projects/unsw-nb15-dataset | https://www.unb.ca/cic/research/applications.html | https://github.com/ahlashkari/CICFlowMeter/blob/98a5ebad0df579cc8b43eedd3421b3ae87699901/src/main/java/cic/cs/unb/ca/jnetpcap/PacketReader.java#L141 | https://github.com/ahlashkari/CICFlowMeter/blob/98a5ebad0df579cc8b43eedd3421b3ae87699901/src/main/java/cic/cs/unb/ca/jnetpcap/BasicFlow.java#L174 | https://github.com/openargus/argus/blob/fc7a7a844e3f119d70f69963f2aec3ac0fdc068a/argus/ArgusModeler.c#L1801 | https://github.com/openargus/argus/blob/fc7a7a844e3f119d70f69963f2aec3ac0fdc068a/argus/ArgusModeler.c#L3065 | https://github.com/openargus/clients/blob/e12739eb478900a2d7465ac24e75fad0b0bccd05/common/argus_client.c#L13875,Reject: CICFlowMeter directional byte totals and means use transport payload lengths; Argus packet byte counters use input packet length and mean size divides those bytes by packet count. Header accounting differs and cannot be fixed by a constant unit conversion. Payload-free singleton/control packets can be zero in CICIDS but have positive full-packet size. Observed retransmission payload is accumulated again in CICFlowMeter; the historical UNSW build/config is unavailable. Same nominal direction and record aggregation do not resolve computation mismatch.
backward_bytes,dbytes,total_length_of_bwd_packets,True,True,False,False,True,True,False,True,https://research.unsw.edu.au/projects/unsw-nb15-dataset | https://www.unb.ca/cic/research/applications.html | https://github.com/ahlashkari/CICFlowMeter/blob/98a5ebad0df579cc8b43eedd3421b3ae87699901/src/main/java/cic/cs/unb/ca/jnetpcap/PacketReader.java#L141 | https://github.com/ahlashkari/CICFlowMeter/blob/98a5ebad0df579cc8b43eedd3421b3ae87699901/src/main/java/cic/cs/unb/ca/jnetpcap/BasicFlow.java#L174 | https://github.com/openargus/argus/blob/fc7a7a844e3f119d70f69963f2aec3ac0fdc068a/argus/ArgusModeler.c#L1801 | https://github.com/openargus/argus/blob/fc7a7a844e3f119d70f69963f2aec3ac0fdc068a/argus/ArgusModeler.c#L3065 | https://github.com/openargus/clients/blob/e12739eb478900a2d7465ac24e75fad0b0bccd05/common/argus_client.c#L13875,Reject: CICFlowMeter directional byte totals and means use transport payload lengths; Argus packet byte counters use input packet length and mean size divides those bytes by packet count. Header accounting differs and cannot be fixed by a constant unit conversion. Payload-free singleton/control packets can be zero in CICIDS but have positive full-packet size. Observed retransmission payload is accumulated again in CICFlowMeter; the historical UNSW build/config is unavailable. Same nominal direction and record aggregation do not resolve computation mismatch.
forward_mean_size,smeansz,fwd_packet_length_mean,True,True,False,False,True,True,False,True,https://research.unsw.edu.au/projects/unsw-nb15-dataset | https://www.unb.ca/cic/research/applications.html | https://github.com/ahlashkari/CICFlowMeter/blob/98a5ebad0df579cc8b43eedd3421b3ae87699901/src/main/java/cic/cs/unb/ca/jnetpcap/PacketReader.java#L141 | https://github.com/ahlashkari/CICFlowMeter/blob/98a5ebad0df579cc8b43eedd3421b3ae87699901/src/main/java/cic/cs/unb/ca/jnetpcap/BasicFlow.java#L174 | https://github.com/openargus/argus/blob/fc7a7a844e3f119d70f69963f2aec3ac0fdc068a/argus/ArgusModeler.c#L1801 | https://github.com/openargus/argus/blob/fc7a7a844e3f119d70f69963f2aec3ac0fdc068a/argus/ArgusModeler.c#L3065 | https://github.com/openargus/clients/blob/e12739eb478900a2d7465ac24e75fad0b0bccd05/common/argus_client.c#L13875,Reject: CICFlowMeter directional byte totals and means use transport payload lengths; Argus packet byte counters use input packet length and mean size divides those bytes by packet count. Header accounting differs and cannot be fixed by a constant unit conversion. Payload-free singleton/control packets can be zero in CICIDS but have positive full-packet size. Observed retransmission payload is accumulated again in CICFlowMeter; the historical UNSW build/config is unavailable. Same nominal direction and record aggregation do not resolve computation mismatch.
backward_mean_size,dmeansz,bwd_packet_length_mean,True,True,False,False,True,True,False,True,https://research.unsw.edu.au/projects/unsw-nb15-dataset | https://www.unb.ca/cic/research/applications.html | https://github.com/ahlashkari/CICFlowMeter/blob/98a5ebad0df579cc8b43eedd3421b3ae87699901/src/main/java/cic/cs/unb/ca/jnetpcap/PacketReader.java#L141 | https://github.com/ahlashkari/CICFlowMeter/blob/98a5ebad0df579cc8b43eedd3421b3ae87699901/src/main/java/cic/cs/unb/ca/jnetpcap/BasicFlow.java#L174 | https://github.com/openargus/argus/blob/fc7a7a844e3f119d70f69963f2aec3ac0fdc068a/argus/ArgusModeler.c#L1801 | https://github.com/openargus/argus/blob/fc7a7a844e3f119d70f69963f2aec3ac0fdc068a/argus/ArgusModeler.c#L3065 | https://github.com/openargus/clients/blob/e12739eb478900a2d7465ac24e75fad0b0bccd05/common/argus_client.c#L13875,Reject: CICFlowMeter directional byte totals and means use transport payload lengths; Argus packet byte counters use input packet length and mean size divides those bytes by packet count. Header accounting differs and cannot be fixed by a constant unit conversion. Payload-free singleton/control packets can be zero in CICIDS but have positive full-packet size. Observed retransmission payload is accumulated again in CICFlowMeter; the historical UNSW build/config is unavailable. Same nominal direction and record aggregation do not resolve computation mismatch.
forward_iat,sintpkt,fwd_iat_mean,True,True,False,True,True,True,,True,https://research.unsw.edu.au/projects/unsw-nb15-dataset | https://www.unb.ca/cic/research/applications.html | https://github.com/ahlashkari/CICFlowMeter/blob/98a5ebad0df579cc8b43eedd3421b3ae87699901/src/main/java/cic/cs/unb/ca/jnetpcap/BasicFlow.java#L190 | https://github.com/ahlashkari/CICFlowMeter/blob/98a5ebad0df579cc8b43eedd3421b3ae87699901/src/main/java/cic/cs/unb/ca/jnetpcap/BasicFlow.java#L1142 | https://github.com/openargus/clients/blob/e12739eb478900a2d7465ac24e75fad0b0bccd05/common/argus_client.c#L14785 | https://github.com/openargus/clients/blob/e12739eb478900a2d7465ac24e75fad0b0bccd05/common/argus_client.c#L14914,"Reject as unverified: CICFlowMeter averages consecutive observed same-direction timestamp gaps (microseconds) and exports zero for <=1 packet in that direction; addPacket has no TCP-sequence deduplication. Argus combines active/idle interval means weighted by their sample counts, reports milliseconds, and defaults to zero without interval statistics. Exact UNSW interval population, historical jitter settings, retransmission/out-of-order handling and flow reporting configuration are not established. Unit conversion alone cannot establish equality."
backward_iat,dintpkt,bwd_iat_mean,True,True,False,True,True,True,,True,https://research.unsw.edu.au/projects/unsw-nb15-dataset | https://www.unb.ca/cic/research/applications.html | https://github.com/ahlashkari/CICFlowMeter/blob/98a5ebad0df579cc8b43eedd3421b3ae87699901/src/main/java/cic/cs/unb/ca/jnetpcap/BasicFlow.java#L190 | https://github.com/ahlashkari/CICFlowMeter/blob/98a5ebad0df579cc8b43eedd3421b3ae87699901/src/main/java/cic/cs/unb/ca/jnetpcap/BasicFlow.java#L1142 | https://github.com/openargus/clients/blob/e12739eb478900a2d7465ac24e75fad0b0bccd05/common/argus_client.c#L14785 | https://github.com/openargus/clients/blob/e12739eb478900a2d7465ac24e75fad0b0bccd05/common/argus_client.c#L14914,"Reject as unverified: CICFlowMeter averages consecutive observed same-direction timestamp gaps (microseconds) and exports zero for <=1 packet in that direction; addPacket has no TCP-sequence deduplication. Argus combines active/idle interval means weighted by their sample counts, reports milliseconds, and defaults to zero without interval statistics. Exact UNSW interval population, historical jitter settings, retransmission/out-of-order handling and flow reporting configuration are not established. Unit conversion alone cannot establish equality."
forward_jitter,sjit,fwd_iat_std,True,True,False,False,True,True,False,True,https://research.unsw.edu.au/projects/unsw-nb15-dataset | https://www.unb.ca/cic/research/applications.html | https://github.com/ahlashkari/CICFlowMeter/blob/98a5ebad0df579cc8b43eedd3421b3ae87699901/src/main/java/cic/cs/unb/ca/jnetpcap/BasicFlow.java#L1145 | https://github.com/openargus/clients/blob/e12739eb478900a2d7465ac24e75fad0b0bccd05/common/argus_client.c#L14785,Jitter is not established as standard deviation of packet interarrival times.
backward_jitter,djit,bwd_iat_std,True,True,False,False,True,True,False,True,https://research.unsw.edu.au/projects/unsw-nb15-dataset | https://www.unb.ca/cic/research/applications.html | https://github.com/ahlashkari/CICFlowMeter/blob/98a5ebad0df579cc8b43eedd3421b3ae87699901/src/main/java/cic/cs/unb/ca/jnetpcap/BasicFlow.java#L1145 | https://github.com/openargus/clients/blob/e12739eb478900a2d7465ac24e75fad0b0bccd05/common/argus_client.c#L14785,Jitter and interarrival standard deviation are different or unverified estimators.
forward_window,swin,init_win_bytes_forward,True,True,False,True,True,True,,True,https://research.unsw.edu.au/projects/unsw-nb15-dataset | https://www.unb.ca/cic/research/applications.html | https://github.com/ahlashkari/CICFlowMeter/blob/98a5ebad0df579cc8b43eedd3421b3ae87699901/src/main/java/cic/cs/unb/ca/jnetpcap/BasicFlow.java#L133 | https://github.com/ahlashkari/CICFlowMeter/blob/98a5ebad0df579cc8b43eedd3421b3ae87699901/src/main/java/cic/cs/unb/ca/jnetpcap/BasicFlow.java#L196,UNSW window summary not verified as initial advertised TCP window.
backward_window,dwin,init_win_bytes_backward,True,True,False,True,True,True,,True,https://research.unsw.edu.au/projects/unsw-nb15-dataset | https://www.unb.ca/cic/research/applications.html | https://github.com/ahlashkari/CICFlowMeter/blob/98a5ebad0df579cc8b43eedd3421b3ae87699901/src/main/java/cic/cs/unb/ca/jnetpcap/BasicFlow.java#L133 | https://github.com/ahlashkari/CICFlowMeter/blob/98a5ebad0df579cc8b43eedd3421b3ae87699901/src/main/java/cic/cs/unb/ca/jnetpcap/BasicFlow.java#L196,UNSW window summary not verified as initial advertised TCP window.
forward_load,sload,flow_bytes_s,True,True,False,False,False,True,False,True,https://research.unsw.edu.au/projects/unsw-nb15-dataset | https://www.unb.ca/cic/research/applications.html,Direction mismatch: source load versus bidirectional flow throughput; byte accounting also differs.
backward_load,dload,bwd_packets_s,True,True,False,False,True,False,False,True,https://research.unsw.edu.au/projects/unsw-nb15-dataset | https://www.unb.ca/cic/research/applications.html,Incompatible quantities: bit rate and packet rate.
tcp_rtt,tcprtt,flow_iat_mean,True,True,False,False,True,True,False,True,https://research.unsw.edu.au/projects/unsw-nb15-dataset | https://www.unb.ca/cic/research/applications.html,Handshake round-trip latency is not mean flow packet interarrival time.
forward_loss,sloss,fwd_psh_flags,True,True,False,False,True,False,False,True,https://research.unsw.edu.au/projects/unsw-nb15-dataset | https://www.unb.ca/cic/research/applications.html,Retransmitted/dropped packets are not PSH flags.
forward_ttl,sttl,min_seg_size_forward,True,True,False,False,True,False,False,True,https://research.unsw.edu.au/projects/unsw-nb15-dataset | https://www.unb.ca/cic/research/applications.html,TTL and TCP segment header size measure different quantities.
http_body,res_bdy_len,total_length_of_fwd_packets,True,True,False,False,False,True,False,False,https://research.unsw.edu.au/projects/unsw-nb15-dataset | https://www.unb.ca/cic/research/applications.html,HTTP response body differs in direction and aggregation from forward flow packet lengths.
