canonical_name,seed,score,W_normalized,KS_similarity,W_similarity,MI_similarity,quality_score
flow_duration,42,0.6144031479285679,1.4769117228420428,0.71122,0.2283417833176832,1.0,0.9999552376737869
forward_packets,42,0.5569253175761634,0.7041214903852132,0.4819,0.4945428441165682,0.6071688142357634,1.0
flow_duration,43,0.6169713806093642,1.462399935251204,0.71472,0.23167959097710122,1.0,0.9999552376737869
forward_packets,43,0.5580640306015718,0.7000698961213848,0.48299000000000003,0.4965505956177353,0.6071688142357634,1.0
flow_duration,44,0.61369711569745,1.4959358756983328,0.71322,0.22403883408591813,1.0,0.9999552376737869
forward_packets,44,0.5581071752822429,0.6996146027680968,0.4829,0.4967767232767951,0.6071688142357634,1.0
flow_duration,45,0.6161838088927518,1.4656061867814811,0.7133999999999999,0.23093795750106622,1.0,0.9999552376737869
forward_packets,45,0.5582341817872706,0.6989993589036116,0.48295,0.49708245614830293,0.6071688142357634,1.0
flow_duration,46,0.6157288908517949,1.4574606079698564,0.71061,0.23282676309833208,1.0,0.9999552376737869
forward_packets,46,0.5562313511666677,0.7050576637049242,0.48056999999999994,0.4940800829465804,0.6071688142357634,1.0
