dataset,feature,original_name,feature_type,category,concept,direction,statistic,unit,protocol_scope,granularity,definition,extractor_or_origin,reference,audit_notes
CICIDS2017,destination_port,Destination Port,integer,flow,transport_port,destination,identity,port,TCP/UDP,flow,Destination transport-layer port number.,CICFlowMeter,https://github.com/ahlashkari/CICFlowMeter/blob/master/src/main/java/cic/cs/unb/ca/jnetpcap/FlowFeature.java | https://github.com/KirKenx/CICFlowmeterv4,Potential candidate for UNSW dsport.
CICIDS2017,flow_duration,Flow Duration,integer,flow,flow_duration,bidirectional,elapsed_time,microseconds,all,flow,Elapsed duration of the bidirectional flow.,CICFlowMeter,https://github.com/ahlashkari/CICFlowMeter/blob/master/src/main/java/cic/cs/unb/ca/jnetpcap/FlowFeature.java | https://github.com/KirKenx/CICFlowmeterv4,Strong candidate for UNSW dur after µs→s conversion.
CICIDS2017,total_fwd_packets,Total Fwd Packets,integer,packet_count,packet_count,forward,total,packets,all,flow,Total packets observed in the forward direction.,CICFlowMeter,https://github.com/ahlashkari/CICFlowMeter/blob/master/src/main/java/cic/cs/unb/ca/jnetpcap/FlowFeature.java | https://github.com/KirKenx/CICFlowmeterv4,Strong candidate for UNSW spkts.
CICIDS2017,total_backward_packets,Total Backward Packets,integer,packet_count,packet_count,backward,total,packets,all,flow,Total packets observed in the backward direction.,CICFlowMeter,https://github.com/ahlashkari/CICFlowMeter/blob/master/src/main/java/cic/cs/unb/ca/jnetpcap/FlowFeature.java | https://github.com/KirKenx/CICFlowmeterv4,Strong candidate for UNSW dpkts.
CICIDS2017,total_length_of_fwd_packets,Total Length of Fwd Packets,integer,packet_length,byte_count,forward,total,bytes,all,flow,Total packet length accumulated in the forward direction.,CICFlowMeter,https://github.com/ahlashkari/CICFlowMeter/blob/master/src/main/java/cic/cs/unb/ca/jnetpcap/FlowFeature.java | https://github.com/KirKenx/CICFlowmeterv4,Strong candidate for UNSW sbytes; verify inclusion of headers matches.
CICIDS2017,total_length_of_bwd_packets,Total Length of Bwd Packets,integer,packet_length,byte_count,backward,total,bytes,all,flow,Total packet length accumulated in the backward direction.,CICFlowMeter,https://github.com/ahlashkari/CICFlowMeter/blob/master/src/main/java/cic/cs/unb/ca/jnetpcap/FlowFeature.java | https://github.com/KirKenx/CICFlowmeterv4,Strong candidate for UNSW dbytes; verify inclusion of headers matches.
CICIDS2017,fwd_packet_length_max,Fwd Packet Length Max,integer,packet_length,packet_length,forward,max,bytes,all,flow,Maximum forward-direction packet length.,CICFlowMeter,https://github.com/ahlashkari/CICFlowMeter/blob/master/src/main/java/cic/cs/unb/ca/jnetpcap/FlowFeature.java | https://github.com/KirKenx/CICFlowmeterv4,No exact UNSW max-length feature.
CICIDS2017,fwd_packet_length_min,Fwd Packet Length Min,integer,packet_length,packet_length,forward,min,bytes,all,flow,Minimum forward-direction packet length.,CICFlowMeter,https://github.com/ahlashkari/CICFlowMeter/blob/master/src/main/java/cic/cs/unb/ca/jnetpcap/FlowFeature.java | https://github.com/KirKenx/CICFlowmeterv4,No exact UNSW min-length feature.
CICIDS2017,fwd_packet_length_mean,Fwd Packet Length Mean,float,packet_length,packet_length,forward,mean,bytes/packet,all,flow,Mean forward-direction packet length.,CICFlowMeter,https://github.com/ahlashkari/CICFlowMeter/blob/master/src/main/java/cic/cs/unb/ca/jnetpcap/FlowFeature.java | https://github.com/KirKenx/CICFlowmeterv4,"Strong candidate for UNSW smeansz, subject to packet-size definition."
CICIDS2017,fwd_packet_length_std,Fwd Packet Length Std,float,packet_length,packet_length,forward,std,bytes,all,flow,Standard deviation of forward-direction packet lengths.,CICFlowMeter,https://github.com/ahlashkari/CICFlowMeter/blob/master/src/main/java/cic/cs/unb/ca/jnetpcap/FlowFeature.java | https://github.com/KirKenx/CICFlowmeterv4,No exact UNSW counterpart.
CICIDS2017,bwd_packet_length_max,Bwd Packet Length Max,integer,packet_length,packet_length,backward,max,bytes,all,flow,Maximum backward-direction packet length.,CICFlowMeter,https://github.com/ahlashkari/CICFlowMeter/blob/master/src/main/java/cic/cs/unb/ca/jnetpcap/FlowFeature.java | https://github.com/KirKenx/CICFlowmeterv4,No exact UNSW max-length feature.
CICIDS2017,bwd_packet_length_min,Bwd Packet Length Min,integer,packet_length,packet_length,backward,min,bytes,all,flow,Minimum backward-direction packet length.,CICFlowMeter,https://github.com/ahlashkari/CICFlowMeter/blob/master/src/main/java/cic/cs/unb/ca/jnetpcap/FlowFeature.java | https://github.com/KirKenx/CICFlowmeterv4,No exact UNSW min-length feature.
CICIDS2017,bwd_packet_length_mean,Bwd Packet Length Mean,float,packet_length,packet_length,backward,mean,bytes/packet,all,flow,Mean backward-direction packet length.,CICFlowMeter,https://github.com/ahlashkari/CICFlowMeter/blob/master/src/main/java/cic/cs/unb/ca/jnetpcap/FlowFeature.java | https://github.com/KirKenx/CICFlowmeterv4,"Strong candidate for UNSW dmeansz, subject to packet-size definition."
CICIDS2017,bwd_packet_length_std,Bwd Packet Length Std,float,packet_length,packet_length,backward,std,bytes,all,flow,Standard deviation of backward-direction packet lengths.,CICFlowMeter,https://github.com/ahlashkari/CICFlowMeter/blob/master/src/main/java/cic/cs/unb/ca/jnetpcap/FlowFeature.java | https://github.com/KirKenx/CICFlowmeterv4,No exact UNSW counterpart.
CICIDS2017,flow_bytes_s,Flow Bytes/s,float,rate,traffic_rate,bidirectional,rate,bytes/second,all,flow,Overall flow byte throughput per second.,CICFlowMeter,https://github.com/ahlashkari/CICFlowMeter/blob/master/src/main/java/cic/cs/unb/ca/jnetpcap/FlowFeature.java | https://github.com/KirKenx/CICFlowmeterv4,"Could be derived from UNSW sbytes+dbytes and dur, but is not a direct raw-feature equivalent."
CICIDS2017,flow_packets_s,Flow Packets/s,float,rate,traffic_rate,bidirectional,rate,packets/second,all,flow,Overall flow packet rate per second.,CICFlowMeter,https://github.com/ahlashkari/CICFlowMeter/blob/master/src/main/java/cic/cs/unb/ca/jnetpcap/FlowFeature.java | https://github.com/KirKenx/CICFlowmeterv4,Could be derived from UNSW spkts+dpkts and dur.
CICIDS2017,flow_iat_mean,Flow IAT Mean,float,timing,interarrival_time,bidirectional,mean,microseconds,all,flow,Mean inter-arrival time across packets in the flow.,CICFlowMeter,https://github.com/ahlashkari/CICFlowMeter/blob/master/src/main/java/cic/cs/unb/ca/jnetpcap/FlowFeature.java | https://github.com/KirKenx/CICFlowmeterv4,UNSW has directional IAT but no direct bidirectional Flow IAT Mean.
CICIDS2017,flow_iat_std,Flow IAT Std,float,timing,interarrival_time,bidirectional,std,microseconds,all,flow,Standard deviation of packet inter-arrival times across the flow.,CICFlowMeter,https://github.com/ahlashkari/CICFlowMeter/blob/master/src/main/java/cic/cs/unb/ca/jnetpcap/FlowFeature.java | https://github.com/KirKenx/CICFlowmeterv4,No direct strict UNSW equivalent.
CICIDS2017,flow_iat_max,Flow IAT Max,integer,timing,interarrival_time,bidirectional,max,microseconds,all,flow,Maximum inter-arrival time across the flow.,CICFlowMeter,https://github.com/ahlashkari/CICFlowMeter/blob/master/src/main/java/cic/cs/unb/ca/jnetpcap/FlowFeature.java | https://github.com/KirKenx/CICFlowmeterv4,No direct UNSW counterpart.
CICIDS2017,flow_iat_min,Flow IAT Min,integer,timing,interarrival_time,bidirectional,min,microseconds,all,flow,Minimum inter-arrival time across the flow.,CICFlowMeter,https://github.com/ahlashkari/CICFlowMeter/blob/master/src/main/java/cic/cs/unb/ca/jnetpcap/FlowFeature.java | https://github.com/KirKenx/CICFlowmeterv4,No direct UNSW counterpart.
CICIDS2017,fwd_iat_total,Fwd IAT Total,integer,timing,interarrival_time,forward,sum,microseconds,all,flow,Sum of forward-direction packet inter-arrival intervals.,CICFlowMeter,https://github.com/ahlashkari/CICFlowMeter/blob/master/src/main/java/cic/cs/unb/ca/jnetpcap/FlowFeature.java | https://github.com/KirKenx/CICFlowmeterv4,UNSW sintpkt is not a total; do not map.
CICIDS2017,fwd_iat_mean,Fwd IAT Mean,float,timing,interarrival_time,forward,mean,microseconds,all,flow,Mean time between successive forward-direction packets.,CICFlowMeter,https://github.com/ahlashkari/CICFlowMeter/blob/master/src/main/java/cic/cs/unb/ca/jnetpcap/FlowFeature.java | https://github.com/KirKenx/CICFlowmeterv4,Current repo maps to UNSW sintpkt; verify exact UNSW aggregation formula.
CICIDS2017,fwd_iat_std,Fwd IAT Std,float,timing,interarrival_time,forward,std,microseconds,all,flow,Standard deviation of forward-direction packet inter-arrival times.,CICFlowMeter,https://github.com/ahlashkari/CICFlowMeter/blob/master/src/main/java/cic/cs/unb/ca/jnetpcap/FlowFeature.java | https://github.com/KirKenx/CICFlowmeterv4,Conditional candidate for UNSW sjit; jitter formula must be verified.
CICIDS2017,fwd_iat_max,Fwd IAT Max,integer,timing,interarrival_time,forward,max,microseconds,all,flow,Maximum time between successive forward packets.,CICFlowMeter,https://github.com/ahlashkari/CICFlowMeter/blob/master/src/main/java/cic/cs/unb/ca/jnetpcap/FlowFeature.java | https://github.com/KirKenx/CICFlowmeterv4,No direct UNSW counterpart.
CICIDS2017,fwd_iat_min,Fwd IAT Min,integer,timing,interarrival_time,forward,min,microseconds,all,flow,Minimum time between successive forward packets.,CICFlowMeter,https://github.com/ahlashkari/CICFlowMeter/blob/master/src/main/java/cic/cs/unb/ca/jnetpcap/FlowFeature.java | https://github.com/KirKenx/CICFlowmeterv4,No direct UNSW counterpart.
CICIDS2017,bwd_iat_total,Bwd IAT Total,integer,timing,interarrival_time,backward,sum,microseconds,all,flow,Sum of backward-direction packet inter-arrival intervals.,CICFlowMeter,https://github.com/ahlashkari/CICFlowMeter/blob/master/src/main/java/cic/cs/unb/ca/jnetpcap/FlowFeature.java | https://github.com/KirKenx/CICFlowmeterv4,UNSW dintpkt is not a total; do not map.
CICIDS2017,bwd_iat_mean,Bwd IAT Mean,float,timing,interarrival_time,backward,mean,microseconds,all,flow,Mean time between successive backward-direction packets.,CICFlowMeter,https://github.com/ahlashkari/CICFlowMeter/blob/master/src/main/java/cic/cs/unb/ca/jnetpcap/FlowFeature.java | https://github.com/KirKenx/CICFlowmeterv4,Current repo maps to UNSW dintpkt; verify exact UNSW aggregation formula.
CICIDS2017,bwd_iat_std,Bwd IAT Std,float,timing,interarrival_time,backward,std,microseconds,all,flow,Standard deviation of backward-direction packet inter-arrival times.,CICFlowMeter,https://github.com/ahlashkari/CICFlowMeter/blob/master/src/main/java/cic/cs/unb/ca/jnetpcap/FlowFeature.java | https://github.com/KirKenx/CICFlowmeterv4,Conditional candidate for UNSW djit; jitter formula must be verified.
CICIDS2017,bwd_iat_max,Bwd IAT Max,integer,timing,interarrival_time,backward,max,microseconds,all,flow,Maximum time between successive backward packets.,CICFlowMeter,https://github.com/ahlashkari/CICFlowMeter/blob/master/src/main/java/cic/cs/unb/ca/jnetpcap/FlowFeature.java | https://github.com/KirKenx/CICFlowmeterv4,No direct UNSW counterpart.
CICIDS2017,bwd_iat_min,Bwd IAT Min,integer,timing,interarrival_time,backward,min,microseconds,all,flow,Minimum time between successive backward packets.,CICFlowMeter,https://github.com/ahlashkari/CICFlowMeter/blob/master/src/main/java/cic/cs/unb/ca/jnetpcap/FlowFeature.java | https://github.com/KirKenx/CICFlowmeterv4,No direct UNSW counterpart.
CICIDS2017,fwd_psh_flags,Fwd PSH Flags,integer,tcp_flags,tcp_psh,forward,count_or_exported_flag,count,TCP,flow,Forward-direction PSH-flag feature exported by CICFlowMeter.,CICFlowMeter,https://github.com/ahlashkari/CICFlowMeter/blob/master/src/main/java/cic/cs/unb/ca/jnetpcap/FlowFeature.java | https://github.com/KirKenx/CICFlowmeterv4,Do not assume equivalence to a connection state or packet-loss feature.
CICIDS2017,bwd_psh_flags,Bwd PSH Flags,integer,tcp_flags,tcp_psh,backward,count_or_exported_flag,count,TCP,flow,Backward-direction PSH-flag feature exported by CICFlowMeter.,CICFlowMeter,https://github.com/ahlashkari/CICFlowMeter/blob/master/src/main/java/cic/cs/unb/ca/jnetpcap/FlowFeature.java | https://github.com/KirKenx/CICFlowmeterv4,No direct UNSW counterpart.
CICIDS2017,fwd_urg_flags,Fwd URG Flags,integer,tcp_flags,tcp_urg,forward,count_or_exported_flag,count,TCP,flow,Forward-direction URG-flag feature exported by CICFlowMeter.,CICFlowMeter,https://github.com/ahlashkari/CICFlowMeter/blob/master/src/main/java/cic/cs/unb/ca/jnetpcap/FlowFeature.java | https://github.com/KirKenx/CICFlowmeterv4,No direct UNSW counterpart.
CICIDS2017,bwd_urg_flags,Bwd URG Flags,integer,tcp_flags,tcp_urg,backward,count_or_exported_flag,count,TCP,flow,Backward-direction URG-flag feature exported by CICFlowMeter.,CICFlowMeter,https://github.com/ahlashkari/CICFlowMeter/blob/master/src/main/java/cic/cs/unb/ca/jnetpcap/FlowFeature.java | https://github.com/KirKenx/CICFlowmeterv4,No direct UNSW counterpart.
CICIDS2017,fwd_header_length,Fwd Header Length,integer,header,header_length,forward,total,bytes,all,flow,Total header length accumulated in the forward direction.,CICFlowMeter,https://github.com/ahlashkari/CICFlowMeter/blob/master/src/main/java/cic/cs/unb/ca/jnetpcap/FlowFeature.java | https://github.com/KirKenx/CICFlowmeterv4,Not equivalent to UNSW sbytes unless definitions explicitly match.
CICIDS2017,bwd_header_length,Bwd Header Length,integer,header,header_length,backward,total,bytes,all,flow,Total header length accumulated in the backward direction.,CICFlowMeter,https://github.com/ahlashkari/CICFlowMeter/blob/master/src/main/java/cic/cs/unb/ca/jnetpcap/FlowFeature.java | https://github.com/KirKenx/CICFlowmeterv4,No direct UNSW counterpart.
CICIDS2017,fwd_packets_s,Fwd Packets/s,float,rate,packet_rate,forward,rate,packets/second,all,flow,Forward packet rate per second.,CICFlowMeter,https://github.com/ahlashkari/CICFlowMeter/blob/master/src/main/java/cic/cs/unb/ca/jnetpcap/FlowFeature.java | https://github.com/KirKenx/CICFlowmeterv4,Can be derived from UNSW spkts and dur; not a direct raw feature.
CICIDS2017,bwd_packets_s,Bwd Packets/s,float,rate,packet_rate,backward,rate,packets/second,all,flow,Backward packet rate per second.,CICFlowMeter,https://github.com/ahlashkari/CICFlowMeter/blob/master/src/main/java/cic/cs/unb/ca/jnetpcap/FlowFeature.java | https://github.com/KirKenx/CICFlowmeterv4,Can be derived from UNSW dpkts and dur; not a direct raw feature.
CICIDS2017,min_packet_length,Min Packet Length,integer,packet_length,packet_length,bidirectional,min,bytes,all,flow,Minimum packet length across the flow.,CICFlowMeter,https://github.com/ahlashkari/CICFlowMeter/blob/master/src/main/java/cic/cs/unb/ca/jnetpcap/FlowFeature.java | https://github.com/KirKenx/CICFlowmeterv4,No direct UNSW counterpart.
CICIDS2017,max_packet_length,Max Packet Length,integer,packet_length,packet_length,bidirectional,max,bytes,all,flow,Maximum packet length across the flow.,CICFlowMeter,https://github.com/ahlashkari/CICFlowMeter/blob/master/src/main/java/cic/cs/unb/ca/jnetpcap/FlowFeature.java | https://github.com/KirKenx/CICFlowmeterv4,No direct UNSW counterpart.
CICIDS2017,packet_length_mean,Packet Length Mean,float,packet_length,packet_length,bidirectional,mean,bytes/packet,all,flow,Mean packet length across both directions.,CICFlowMeter,https://github.com/ahlashkari/CICFlowMeter/blob/master/src/main/java/cic/cs/unb/ca/jnetpcap/FlowFeature.java | https://github.com/KirKenx/CICFlowmeterv4,UNSW provides directional means instead.
CICIDS2017,packet_length_std,Packet Length Std,float,packet_length,packet_length,bidirectional,std,bytes,all,flow,Standard deviation of packet length across the flow.,CICFlowMeter,https://github.com/ahlashkari/CICFlowMeter/blob/master/src/main/java/cic/cs/unb/ca/jnetpcap/FlowFeature.java | https://github.com/KirKenx/CICFlowmeterv4,No direct UNSW counterpart.
CICIDS2017,packet_length_variance,Packet Length Variance,float,packet_length,packet_length,bidirectional,variance,bytes^2,all,flow,Variance of packet length across the flow.,CICFlowMeter,https://github.com/ahlashkari/CICFlowMeter/blob/master/src/main/java/cic/cs/unb/ca/jnetpcap/FlowFeature.java | https://github.com/KirKenx/CICFlowmeterv4,No direct UNSW counterpart.
CICIDS2017,fin_flag_count,FIN Flag Count,integer,tcp_flags,tcp_fin,bidirectional,count,count,TCP,flow,Count of FIN-flag occurrences in the flow.,CICFlowMeter,https://github.com/ahlashkari/CICFlowMeter/blob/master/src/main/java/cic/cs/unb/ca/jnetpcap/FlowFeature.java | https://github.com/KirKenx/CICFlowmeterv4,No direct UNSW counterpart.
CICIDS2017,syn_flag_count,SYN Flag Count,integer,tcp_flags,tcp_syn,bidirectional,count,count,TCP,flow,Count of SYN-flag occurrences in the flow.,CICFlowMeter,https://github.com/ahlashkari/CICFlowMeter/blob/master/src/main/java/cic/cs/unb/ca/jnetpcap/FlowFeature.java | https://github.com/KirKenx/CICFlowmeterv4,Not equivalent to UNSW synack timing.
CICIDS2017,rst_flag_count,RST Flag Count,integer,tcp_flags,tcp_rst,bidirectional,count,count,TCP,flow,Count of RST-flag occurrences in the flow.,CICFlowMeter,https://github.com/ahlashkari/CICFlowMeter/blob/master/src/main/java/cic/cs/unb/ca/jnetpcap/FlowFeature.java | https://github.com/KirKenx/CICFlowmeterv4,No direct UNSW counterpart.
CICIDS2017,psh_flag_count,PSH Flag Count,integer,tcp_flags,tcp_psh,bidirectional,count,count,TCP,flow,Count of PSH-flag occurrences in the flow.,CICFlowMeter,https://github.com/ahlashkari/CICFlowMeter/blob/master/src/main/java/cic/cs/unb/ca/jnetpcap/FlowFeature.java | https://github.com/KirKenx/CICFlowmeterv4,No direct UNSW counterpart.
CICIDS2017,ack_flag_count,ACK Flag Count,integer,tcp_flags,tcp_ack,bidirectional,count,count,TCP,flow,Count of ACK-flag occurrences in the flow.,CICFlowMeter,https://github.com/ahlashkari/CICFlowMeter/blob/master/src/main/java/cic/cs/unb/ca/jnetpcap/FlowFeature.java | https://github.com/KirKenx/CICFlowmeterv4,Not equivalent to UNSW ackdat timing.
CICIDS2017,urg_flag_count,URG Flag Count,integer,tcp_flags,tcp_urg,bidirectional,count,count,TCP,flow,Count of URG-flag occurrences in the flow.,CICFlowMeter,https://github.com/ahlashkari/CICFlowMeter/blob/master/src/main/java/cic/cs/unb/ca/jnetpcap/FlowFeature.java | https://github.com/KirKenx/CICFlowmeterv4,No direct UNSW counterpart.
CICIDS2017,cwe_flag_count,CWE Flag Count,integer,tcp_flags,tcp_cwr_or_legacy_cwe,bidirectional,count,count,TCP,flow,Legacy CICIDS column for the congestion-window-related flag count.,CICFlowMeter,https://github.com/ahlashkari/CICFlowMeter/blob/master/src/main/java/cic/cs/unb/ca/jnetpcap/FlowFeature.java | https://github.com/KirKenx/CICFlowmeterv4,FlowFeature.java names this CWR; CICIDS2017 CSVs often label the column CWE. Treat carefully.
CICIDS2017,ece_flag_count,ECE Flag Count,integer,tcp_flags,tcp_ece,bidirectional,count,count,TCP,flow,Count of ECE-flag occurrences in the flow.,CICFlowMeter,https://github.com/ahlashkari/CICFlowMeter/blob/master/src/main/java/cic/cs/unb/ca/jnetpcap/FlowFeature.java | https://github.com/KirKenx/CICFlowmeterv4,No direct UNSW counterpart.
CICIDS2017,down_up_ratio,Down/Up Ratio,float,ratio,directional_traffic_ratio,bidirectional,ratio,ratio,all,flow,Ratio describing downstream versus upstream traffic.,CICFlowMeter,https://github.com/ahlashkari/CICFlowMeter/blob/master/src/main/java/cic/cs/unb/ca/jnetpcap/FlowFeature.java | https://github.com/KirKenx/CICFlowmeterv4,Could be derived from directional counts/bytes but definition must be checked before comparison.
CICIDS2017,average_packet_size,Average Packet Size,float,packet_length,packet_length,bidirectional,mean,bytes/packet,all,flow,Average packet size across the flow.,CICFlowMeter,https://github.com/ahlashkari/CICFlowMeter/blob/master/src/main/java/cic/cs/unb/ca/jnetpcap/FlowFeature.java | https://github.com/KirKenx/CICFlowmeterv4,Potentially redundant with Packet Length Mean; verify CICFlowMeter implementation.
CICIDS2017,avg_fwd_segment_size,Avg Fwd Segment Size,float,packet_length,segment_size,forward,mean,bytes,TCP,flow,Average forward segment size.,CICFlowMeter,https://github.com/ahlashkari/CICFlowMeter/blob/master/src/main/java/cic/cs/unb/ca/jnetpcap/FlowFeature.java | https://github.com/KirKenx/CICFlowmeterv4,Related to forward packet-size mean but implementation semantics may differ.
CICIDS2017,avg_bwd_segment_size,Avg Bwd Segment Size,float,packet_length,segment_size,backward,mean,bytes,TCP,flow,Average backward segment size.,CICFlowMeter,https://github.com/ahlashkari/CICFlowMeter/blob/master/src/main/java/cic/cs/unb/ca/jnetpcap/FlowFeature.java | https://github.com/KirKenx/CICFlowmeterv4,Related to backward packet-size mean but implementation semantics may differ.
CICIDS2017,fwd_header_length_1,Fwd Header Length.1,integer,header,header_length,forward,duplicate,bytes,all,flow,Duplicate forward-header-length column present in common CICIDS2017 CSV exports.,CICFlowMeter,https://github.com/ahlashkari/CICFlowMeter/blob/master/src/main/java/cic/cs/unb/ca/jnetpcap/FlowFeature.java | https://github.com/KirKenx/CICFlowmeterv4,Raw export alias of fwd_header_length; ingestion validates equality and merges into the canonical column.
CICIDS2017,fwd_avg_bytes_bulk,Fwd Avg Bytes/Bulk,float,bulk,bulk_transfer,forward,mean,bytes/bulk,all,flow,Average bytes per forward bulk transfer as exported by CICFlowMeter.,CICFlowMeter,https://github.com/ahlashkari/CICFlowMeter/blob/master/src/main/java/cic/cs/unb/ca/jnetpcap/FlowFeature.java | https://github.com/KirKenx/CICFlowmeterv4,No direct UNSW counterpart; CICIDS2017 bulk fields may be sparse/zero.
CICIDS2017,fwd_avg_packets_bulk,Fwd Avg Packets/Bulk,float,bulk,bulk_transfer,forward,mean,packets/bulk,all,flow,Average packets per forward bulk transfer.,CICFlowMeter,https://github.com/ahlashkari/CICFlowMeter/blob/master/src/main/java/cic/cs/unb/ca/jnetpcap/FlowFeature.java | https://github.com/KirKenx/CICFlowmeterv4,No direct UNSW counterpart.
CICIDS2017,fwd_avg_bulk_rate,Fwd Avg Bulk Rate,float,bulk,bulk_transfer_rate,forward,mean_rate,dataset-native rate,all,flow,Average forward bulk-transfer rate.,CICFlowMeter,https://github.com/ahlashkari/CICFlowMeter/blob/master/src/main/java/cic/cs/unb/ca/jnetpcap/FlowFeature.java | https://github.com/KirKenx/CICFlowmeterv4,No direct UNSW counterpart.
CICIDS2017,bwd_avg_bytes_bulk,Bwd Avg Bytes/Bulk,float,bulk,bulk_transfer,backward,mean,bytes/bulk,all,flow,Average bytes per backward bulk transfer.,CICFlowMeter,https://github.com/ahlashkari/CICFlowMeter/blob/master/src/main/java/cic/cs/unb/ca/jnetpcap/FlowFeature.java | https://github.com/KirKenx/CICFlowmeterv4,No direct UNSW counterpart.
CICIDS2017,bwd_avg_packets_bulk,Bwd Avg Packets/Bulk,float,bulk,bulk_transfer,backward,mean,packets/bulk,all,flow,Average packets per backward bulk transfer.,CICFlowMeter,https://github.com/ahlashkari/CICFlowMeter/blob/master/src/main/java/cic/cs/unb/ca/jnetpcap/FlowFeature.java | https://github.com/KirKenx/CICFlowmeterv4,No direct UNSW counterpart.
CICIDS2017,bwd_avg_bulk_rate,Bwd Avg Bulk Rate,float,bulk,bulk_transfer_rate,backward,mean_rate,dataset-native rate,all,flow,Average backward bulk-transfer rate.,CICFlowMeter,https://github.com/ahlashkari/CICFlowMeter/blob/master/src/main/java/cic/cs/unb/ca/jnetpcap/FlowFeature.java | https://github.com/KirKenx/CICFlowmeterv4,No direct UNSW counterpart.
CICIDS2017,subflow_fwd_packets,Subflow Fwd Packets,integer/float,subflow,packet_count,forward,subflow_aggregate,packets,all,flow,Forward packet count aggregated over CICFlowMeter subflow logic.,CICFlowMeter,https://github.com/ahlashkari/CICFlowMeter/blob/master/src/main/java/cic/cs/unb/ca/jnetpcap/FlowFeature.java | https://github.com/KirKenx/CICFlowmeterv4,Not strictly equivalent to total forward packets.
CICIDS2017,subflow_fwd_bytes,Subflow Fwd Bytes,integer/float,subflow,byte_count,forward,subflow_aggregate,bytes,all,flow,Forward byte count aggregated over CICFlowMeter subflow logic.,CICFlowMeter,https://github.com/ahlashkari/CICFlowMeter/blob/master/src/main/java/cic/cs/unb/ca/jnetpcap/FlowFeature.java | https://github.com/KirKenx/CICFlowmeterv4,Not strictly equivalent to total forward bytes.
CICIDS2017,subflow_bwd_packets,Subflow Bwd Packets,integer/float,subflow,packet_count,backward,subflow_aggregate,packets,all,flow,Backward packet count aggregated over CICFlowMeter subflow logic.,CICFlowMeter,https://github.com/ahlashkari/CICFlowMeter/blob/master/src/main/java/cic/cs/unb/ca/jnetpcap/FlowFeature.java | https://github.com/KirKenx/CICFlowmeterv4,Not strictly equivalent to total backward packets.
CICIDS2017,subflow_bwd_bytes,Subflow Bwd Bytes,integer/float,subflow,byte_count,backward,subflow_aggregate,bytes,all,flow,Backward byte count aggregated over CICFlowMeter subflow logic.,CICFlowMeter,https://github.com/ahlashkari/CICFlowMeter/blob/master/src/main/java/cic/cs/unb/ca/jnetpcap/FlowFeature.java | https://github.com/KirKenx/CICFlowmeterv4,Not strictly equivalent to total backward bytes.
CICIDS2017,init_win_bytes_forward,Init_Win_bytes_forward,integer,tcp_window,tcp_initial_window,forward,initial_value,bytes / exported window value,TCP,flow,Initial TCP window bytes/value observed in the forward direction.,CICFlowMeter,https://github.com/ahlashkari/CICFlowMeter/blob/master/src/main/java/cic/cs/unb/ca/jnetpcap/FlowFeature.java | https://github.com/KirKenx/CICFlowmeterv4,Conditional candidate for UNSW swin; exact extractor semantics must be verified.
CICIDS2017,init_win_bytes_backward,Init_Win_bytes_backward,integer,tcp_window,tcp_initial_window,backward,initial_value,bytes / exported window value,TCP,flow,Initial TCP window bytes/value observed in the backward direction.,CICFlowMeter,https://github.com/ahlashkari/CICFlowMeter/blob/master/src/main/java/cic/cs/unb/ca/jnetpcap/FlowFeature.java | https://github.com/KirKenx/CICFlowmeterv4,Conditional candidate for UNSW dwin; exact extractor semantics must be verified.
CICIDS2017,act_data_pkt_fwd,act_data_pkt_fwd,integer,payload,data_packet_count,forward,count,packets,TCP,flow,Count of forward packets carrying at least one byte of TCP data payload.,CICFlowMeter,https://github.com/ahlashkari/CICFlowMeter/blob/master/src/main/java/cic/cs/unb/ca/jnetpcap/FlowFeature.java | https://github.com/KirKenx/CICFlowmeterv4,No direct UNSW counterpart.
CICIDS2017,min_seg_size_forward,min_seg_size_forward,integer,packet_length,segment_size,forward,min,bytes,TCP,flow,Minimum forward segment size observed.,CICFlowMeter,https://github.com/ahlashkari/CICFlowMeter/blob/master/src/main/java/cic/cs/unb/ca/jnetpcap/FlowFeature.java | https://github.com/KirKenx/CICFlowmeterv4,No direct UNSW counterpart.
CICIDS2017,active_mean,Active Mean,float,activity,active_period,bidirectional,mean,microseconds,all,flow,Mean duration of active periods before the flow becomes idle.,CICFlowMeter,https://github.com/ahlashkari/CICFlowMeter/blob/master/src/main/java/cic/cs/unb/ca/jnetpcap/FlowFeature.java | https://github.com/KirKenx/CICFlowmeterv4,No direct UNSW counterpart.
CICIDS2017,active_std,Active Std,float,activity,active_period,bidirectional,std,microseconds,all,flow,Standard deviation of active-period durations.,CICFlowMeter,https://github.com/ahlashkari/CICFlowMeter/blob/master/src/main/java/cic/cs/unb/ca/jnetpcap/FlowFeature.java | https://github.com/KirKenx/CICFlowmeterv4,No direct UNSW counterpart.
CICIDS2017,active_max,Active Max,integer/float,activity,active_period,bidirectional,max,microseconds,all,flow,Maximum active-period duration.,CICFlowMeter,https://github.com/ahlashkari/CICFlowMeter/blob/master/src/main/java/cic/cs/unb/ca/jnetpcap/FlowFeature.java | https://github.com/KirKenx/CICFlowmeterv4,No direct UNSW counterpart.
CICIDS2017,active_min,Active Min,integer/float,activity,active_period,bidirectional,min,microseconds,all,flow,Minimum active-period duration.,CICFlowMeter,https://github.com/ahlashkari/CICFlowMeter/blob/master/src/main/java/cic/cs/unb/ca/jnetpcap/FlowFeature.java | https://github.com/KirKenx/CICFlowmeterv4,No direct UNSW counterpart.
CICIDS2017,idle_mean,Idle Mean,float,activity,idle_period,bidirectional,mean,microseconds,all,flow,Mean duration of idle periods.,CICFlowMeter,https://github.com/ahlashkari/CICFlowMeter/blob/master/src/main/java/cic/cs/unb/ca/jnetpcap/FlowFeature.java | https://github.com/KirKenx/CICFlowmeterv4,No direct UNSW counterpart.
CICIDS2017,idle_std,Idle Std,float,activity,idle_period,bidirectional,std,microseconds,all,flow,Standard deviation of idle-period durations.,CICFlowMeter,https://github.com/ahlashkari/CICFlowMeter/blob/master/src/main/java/cic/cs/unb/ca/jnetpcap/FlowFeature.java | https://github.com/KirKenx/CICFlowmeterv4,No direct UNSW counterpart.
CICIDS2017,idle_max,Idle Max,integer/float,activity,idle_period,bidirectional,max,microseconds,all,flow,Maximum idle-period duration.,CICFlowMeter,https://github.com/ahlashkari/CICFlowMeter/blob/master/src/main/java/cic/cs/unb/ca/jnetpcap/FlowFeature.java | https://github.com/KirKenx/CICFlowmeterv4,No direct UNSW counterpart.
CICIDS2017,idle_min,Idle Min,integer/float,activity,idle_period,bidirectional,min,microseconds,all,flow,Minimum idle-period duration.,CICFlowMeter,https://github.com/ahlashkari/CICFlowMeter/blob/master/src/main/java/cic/cs/unb/ca/jnetpcap/FlowFeature.java | https://github.com/KirKenx/CICFlowmeterv4,No direct UNSW counterpart.
CICIDS2017,label,Label,nominal,label,intrusion_label,none,class,category,all,flow,Traffic class label in the original CICIDS2017 export.,CICFlowMeter,https://github.com/ahlashkari/CICFlowMeter/blob/master/src/main/java/cic/cs/unb/ca/jnetpcap/FlowFeature.java | https://github.com/KirKenx/CICFlowmeterv4,CICIDS2017 ground truth; project normalizes to binary normal/attack.
