unsw_feature,cicids_feature,concept,unsw_direction,cicids_direction,unsw_statistic,cicids_statistic,unsw_unit,cicids_unit,concept_match,direction_match,statistic_relation,unit_compatible,scope_compatible,decision,manual_review_required,reason,unsw_extractor,cicids_extractor,unsw_evidence,cicids_evidence,unsw_audit_notes,cicids_audit_notes
dbytes,total_length_of_bwd_packets,byte_count,backward,backward,total,total,bytes,bytes,True,True,exact,True,True,KEEP,False,"Same network concept, direction, aggregation/statistic, compatible unit, and measurement scope.",Argus/Bro + UNSW feature generation,CICFlowMeter,Total bytes transferred from destination to source. | https://research.unsw.edu.au/projects/unsw-nb15-dataset | https://huggingface.co/datasets/Mouwiya/UNSW-NB15/blob/main/NUSW-NB15_features.csv,Total packet length accumulated in the backward direction. | https://github.com/ahlashkari/CICFlowMeter/blob/master/src/main/java/cic/cs/unb/ca/jnetpcap/FlowFeature.java | https://github.com/KirKenx/CICFlowmeterv4,Strong candidate for CICIDS Total Length of Bwd Packets.,Strong candidate for UNSW dbytes; verify inclusion of headers matches.
sbytes,total_length_of_fwd_packets,byte_count,forward,forward,total,total,bytes,bytes,True,True,exact,True,True,KEEP,False,"Same network concept, direction, aggregation/statistic, compatible unit, and measurement scope.",Argus/Bro + UNSW feature generation,CICFlowMeter,Total bytes transferred from source to destination. | https://research.unsw.edu.au/projects/unsw-nb15-dataset | https://huggingface.co/datasets/Mouwiya/UNSW-NB15/blob/main/NUSW-NB15_features.csv,Total packet length accumulated in the forward direction. | https://github.com/ahlashkari/CICFlowMeter/blob/master/src/main/java/cic/cs/unb/ca/jnetpcap/FlowFeature.java | https://github.com/KirKenx/CICFlowmeterv4,Strong candidate for CICIDS Total Length of Fwd Packets.,Strong candidate for UNSW sbytes; verify inclusion of headers matches.
dur,flow_duration,flow_duration,bidirectional,bidirectional,elapsed_time,elapsed_time,seconds,microseconds,True,True,exact,True,True,KEEP,False,"Same network concept, direction, aggregation/statistic, compatible unit, and measurement scope.",Argus/Bro + UNSW feature generation,CICFlowMeter,Elapsed duration of the network record/flow. | https://research.unsw.edu.au/projects/unsw-nb15-dataset | https://huggingface.co/datasets/Mouwiya/UNSW-NB15/blob/main/NUSW-NB15_features.csv,Elapsed duration of the bidirectional flow. | https://github.com/ahlashkari/CICFlowMeter/blob/master/src/main/java/cic/cs/unb/ca/jnetpcap/FlowFeature.java | https://github.com/KirKenx/CICFlowmeterv4,Strong candidate for CICIDS Flow Duration after unit normalization.,Strong candidate for UNSW dur after µs→s conversion.
dpkts,total_backward_packets,packet_count,backward,backward,total,total,packets,packets,True,True,exact,True,True,KEEP,False,"Same network concept, direction, aggregation/statistic, compatible unit, and measurement scope.",Argus/Bro + UNSW feature generation,CICFlowMeter,Number of packets sent from destination to source. | https://research.unsw.edu.au/projects/unsw-nb15-dataset | https://huggingface.co/datasets/Mouwiya/UNSW-NB15/blob/main/NUSW-NB15_features.csv,Total packets observed in the backward direction. | https://github.com/ahlashkari/CICFlowMeter/blob/master/src/main/java/cic/cs/unb/ca/jnetpcap/FlowFeature.java | https://github.com/KirKenx/CICFlowmeterv4,Strong candidate for CICIDS Total Backward Packets.,Strong candidate for UNSW dpkts.
spkts,total_fwd_packets,packet_count,forward,forward,total,total,packets,packets,True,True,exact,True,True,KEEP,False,"Same network concept, direction, aggregation/statistic, compatible unit, and measurement scope.",Argus/Bro + UNSW feature generation,CICFlowMeter,Number of packets sent from source to destination. | https://research.unsw.edu.au/projects/unsw-nb15-dataset | https://huggingface.co/datasets/Mouwiya/UNSW-NB15/blob/main/NUSW-NB15_features.csv,Total packets observed in the forward direction. | https://github.com/ahlashkari/CICFlowMeter/blob/master/src/main/java/cic/cs/unb/ca/jnetpcap/FlowFeature.java | https://github.com/KirKenx/CICFlowmeterv4,Strong candidate for CICIDS Total Fwd Packets.,Strong candidate for UNSW spkts.
dmeansz,bwd_packet_length_mean,packet_length,backward,backward,mean,mean,bytes/packet,bytes/packet,True,True,exact,True,True,KEEP,False,"Same network concept, direction, aggregation/statistic, compatible unit, and measurement scope.",Argus/Bro + UNSW feature generation,CICFlowMeter,Mean packet size for packets transmitted by the destination. | https://research.unsw.edu.au/projects/unsw-nb15-dataset | https://huggingface.co/datasets/Mouwiya/UNSW-NB15/blob/main/NUSW-NB15_features.csv,Mean backward-direction packet length. | https://github.com/ahlashkari/CICFlowMeter/blob/master/src/main/java/cic/cs/unb/ca/jnetpcap/FlowFeature.java | https://github.com/KirKenx/CICFlowmeterv4,"Strong candidate for CICIDS Bwd Packet Length Mean, subject to packet-size definition.","Strong candidate for UNSW dmeansz, subject to packet-size definition."
smeansz,fwd_packet_length_mean,packet_length,forward,forward,mean,mean,bytes/packet,bytes/packet,True,True,exact,True,True,KEEP,False,"Same network concept, direction, aggregation/statistic, compatible unit, and measurement scope.",Argus/Bro + UNSW feature generation,CICFlowMeter,Mean packet size for packets transmitted by the source. | https://research.unsw.edu.au/projects/unsw-nb15-dataset | https://huggingface.co/datasets/Mouwiya/UNSW-NB15/blob/main/NUSW-NB15_features.csv,Mean forward-direction packet length. | https://github.com/ahlashkari/CICFlowMeter/blob/master/src/main/java/cic/cs/unb/ca/jnetpcap/FlowFeature.java | https://github.com/KirKenx/CICFlowmeterv4,"Strong candidate for CICIDS Fwd Packet Length Mean, subject to packet-size definition.","Strong candidate for UNSW smeansz, subject to packet-size definition."
dsport,destination_port,transport_port,destination,destination,identity,identity,port,port,True,True,exact,True,True,KEEP,False,"Same network concept, direction, aggregation/statistic, compatible unit, and measurement scope.",Argus/Bro + UNSW feature generation,CICFlowMeter,Destination transport-layer port number. | https://research.unsw.edu.au/projects/unsw-nb15-dataset | https://huggingface.co/datasets/Mouwiya/UNSW-NB15/blob/main/NUSW-NB15_features.csv,Destination transport-layer port number. | https://github.com/ahlashkari/CICFlowMeter/blob/master/src/main/java/cic/cs/unb/ca/jnetpcap/FlowFeature.java | https://github.com/KirKenx/CICFlowmeterv4,CICIDS2017 contains Destination Port; semantics are directly comparable.,Potential candidate for UNSW dsport.
dintpkt,bwd_iat_mean,interarrival_time,backward,backward,mean_or_dataset_interpacket_measure,mean,milliseconds,microseconds,True,True,conditional,True,True,CONDITIONAL,True,"Same network concept and direction, but extractor computation or aggregation requires further verification.",Argus/Bro + UNSW feature generation,CICFlowMeter,Destination-direction inter-packet arrival time measure. | https://research.unsw.edu.au/projects/unsw-nb15-dataset | https://huggingface.co/datasets/Mouwiya/UNSW-NB15/blob/main/NUSW-NB15_features.csv,Mean time between successive backward-direction packets. | https://github.com/ahlashkari/CICFlowMeter/blob/master/src/main/java/cic/cs/unb/ca/jnetpcap/FlowFeature.java | https://github.com/KirKenx/CICFlowmeterv4,Current repo maps to CICIDS Bwd IAT Mean; verify exact aggregation formula.,Current repo maps to UNSW dintpkt; verify exact UNSW aggregation formula.
sintpkt,fwd_iat_mean,interarrival_time,forward,forward,mean_or_dataset_interpacket_measure,mean,milliseconds,microseconds,True,True,conditional,True,True,CONDITIONAL,True,"Same network concept and direction, but extractor computation or aggregation requires further verification.",Argus/Bro + UNSW feature generation,CICFlowMeter,Source-direction inter-packet arrival time measure. | https://research.unsw.edu.au/projects/unsw-nb15-dataset | https://huggingface.co/datasets/Mouwiya/UNSW-NB15/blob/main/NUSW-NB15_features.csv,Mean time between successive forward-direction packets. | https://github.com/ahlashkari/CICFlowMeter/blob/master/src/main/java/cic/cs/unb/ca/jnetpcap/FlowFeature.java | https://github.com/KirKenx/CICFlowmeterv4,Current repo maps to CICIDS Fwd IAT Mean; verify exact aggregation formula.,Current repo maps to UNSW sintpkt; verify exact UNSW aggregation formula.
dbytes,subflow_bwd_bytes,byte_count,backward,backward,total,subflow_aggregate,bytes,bytes,True,True,mismatch,True,True,DROP,False,Aggregation/statistic definitions are not sufficiently equivalent.,Argus/Bro + UNSW feature generation,CICFlowMeter,Total bytes transferred from destination to source. | https://research.unsw.edu.au/projects/unsw-nb15-dataset | https://huggingface.co/datasets/Mouwiya/UNSW-NB15/blob/main/NUSW-NB15_features.csv,Backward byte count aggregated over CICFlowMeter subflow logic. | https://github.com/ahlashkari/CICFlowMeter/blob/master/src/main/java/cic/cs/unb/ca/jnetpcap/FlowFeature.java | https://github.com/KirKenx/CICFlowmeterv4,Strong candidate for CICIDS Total Length of Bwd Packets.,Not strictly equivalent to total backward bytes.
dbytes,subflow_fwd_bytes,byte_count,backward,forward,total,subflow_aggregate,bytes,bytes,True,False,mismatch,True,True,DROP,False,different traffic direction,Argus/Bro + UNSW feature generation,CICFlowMeter,Total bytes transferred from destination to source. | https://research.unsw.edu.au/projects/unsw-nb15-dataset | https://huggingface.co/datasets/Mouwiya/UNSW-NB15/blob/main/NUSW-NB15_features.csv,Forward byte count aggregated over CICFlowMeter subflow logic. | https://github.com/ahlashkari/CICFlowMeter/blob/master/src/main/java/cic/cs/unb/ca/jnetpcap/FlowFeature.java | https://github.com/KirKenx/CICFlowmeterv4,Strong candidate for CICIDS Total Length of Bwd Packets.,Not strictly equivalent to total forward bytes.
dbytes,total_length_of_fwd_packets,byte_count,backward,forward,total,total,bytes,bytes,True,False,exact,True,True,DROP,False,different traffic direction,Argus/Bro + UNSW feature generation,CICFlowMeter,Total bytes transferred from destination to source. | https://research.unsw.edu.au/projects/unsw-nb15-dataset | https://huggingface.co/datasets/Mouwiya/UNSW-NB15/blob/main/NUSW-NB15_features.csv,Total packet length accumulated in the forward direction. | https://github.com/ahlashkari/CICFlowMeter/blob/master/src/main/java/cic/cs/unb/ca/jnetpcap/FlowFeature.java | https://github.com/KirKenx/CICFlowmeterv4,Strong candidate for CICIDS Total Length of Bwd Packets.,Strong candidate for UNSW sbytes; verify inclusion of headers matches.
sbytes,subflow_bwd_bytes,byte_count,forward,backward,total,subflow_aggregate,bytes,bytes,True,False,mismatch,True,True,DROP,False,different traffic direction,Argus/Bro + UNSW feature generation,CICFlowMeter,Total bytes transferred from source to destination. | https://research.unsw.edu.au/projects/unsw-nb15-dataset | https://huggingface.co/datasets/Mouwiya/UNSW-NB15/blob/main/NUSW-NB15_features.csv,Backward byte count aggregated over CICFlowMeter subflow logic. | https://github.com/ahlashkari/CICFlowMeter/blob/master/src/main/java/cic/cs/unb/ca/jnetpcap/FlowFeature.java | https://github.com/KirKenx/CICFlowmeterv4,Strong candidate for CICIDS Total Length of Fwd Packets.,Not strictly equivalent to total backward bytes.
sbytes,subflow_fwd_bytes,byte_count,forward,forward,total,subflow_aggregate,bytes,bytes,True,True,mismatch,True,True,DROP,False,Aggregation/statistic definitions are not sufficiently equivalent.,Argus/Bro + UNSW feature generation,CICFlowMeter,Total bytes transferred from source to destination. | https://research.unsw.edu.au/projects/unsw-nb15-dataset | https://huggingface.co/datasets/Mouwiya/UNSW-NB15/blob/main/NUSW-NB15_features.csv,Forward byte count aggregated over CICFlowMeter subflow logic. | https://github.com/ahlashkari/CICFlowMeter/blob/master/src/main/java/cic/cs/unb/ca/jnetpcap/FlowFeature.java | https://github.com/KirKenx/CICFlowmeterv4,Strong candidate for CICIDS Total Length of Fwd Packets.,Not strictly equivalent to total forward bytes.
sbytes,total_length_of_bwd_packets,byte_count,forward,backward,total,total,bytes,bytes,True,False,exact,True,True,DROP,False,different traffic direction,Argus/Bro + UNSW feature generation,CICFlowMeter,Total bytes transferred from source to destination. | https://research.unsw.edu.au/projects/unsw-nb15-dataset | https://huggingface.co/datasets/Mouwiya/UNSW-NB15/blob/main/NUSW-NB15_features.csv,Total packet length accumulated in the backward direction. | https://github.com/ahlashkari/CICFlowMeter/blob/master/src/main/java/cic/cs/unb/ca/jnetpcap/FlowFeature.java | https://github.com/KirKenx/CICFlowmeterv4,Strong candidate for CICIDS Total Length of Fwd Packets.,Strong candidate for UNSW dbytes; verify inclusion of headers matches.
dintpkt,bwd_iat_max,interarrival_time,backward,backward,mean_or_dataset_interpacket_measure,max,milliseconds,microseconds,True,True,mismatch,True,True,DROP,False,Aggregation/statistic definitions are not sufficiently equivalent.,Argus/Bro + UNSW feature generation,CICFlowMeter,Destination-direction inter-packet arrival time measure. | https://research.unsw.edu.au/projects/unsw-nb15-dataset | https://huggingface.co/datasets/Mouwiya/UNSW-NB15/blob/main/NUSW-NB15_features.csv,Maximum time between successive backward packets. | https://github.com/ahlashkari/CICFlowMeter/blob/master/src/main/java/cic/cs/unb/ca/jnetpcap/FlowFeature.java | https://github.com/KirKenx/CICFlowmeterv4,Current repo maps to CICIDS Bwd IAT Mean; verify exact aggregation formula.,No direct UNSW counterpart.
dintpkt,bwd_iat_min,interarrival_time,backward,backward,mean_or_dataset_interpacket_measure,min,milliseconds,microseconds,True,True,mismatch,True,True,DROP,False,Aggregation/statistic definitions are not sufficiently equivalent.,Argus/Bro + UNSW feature generation,CICFlowMeter,Destination-direction inter-packet arrival time measure. | https://research.unsw.edu.au/projects/unsw-nb15-dataset | https://huggingface.co/datasets/Mouwiya/UNSW-NB15/blob/main/NUSW-NB15_features.csv,Minimum time between successive backward packets. | https://github.com/ahlashkari/CICFlowMeter/blob/master/src/main/java/cic/cs/unb/ca/jnetpcap/FlowFeature.java | https://github.com/KirKenx/CICFlowmeterv4,Current repo maps to CICIDS Bwd IAT Mean; verify exact aggregation formula.,No direct UNSW counterpart.
dintpkt,bwd_iat_std,interarrival_time,backward,backward,mean_or_dataset_interpacket_measure,std,milliseconds,microseconds,True,True,mismatch,True,True,DROP,False,Aggregation/statistic definitions are not sufficiently equivalent.,Argus/Bro + UNSW feature generation,CICFlowMeter,Destination-direction inter-packet arrival time measure. | https://research.unsw.edu.au/projects/unsw-nb15-dataset | https://huggingface.co/datasets/Mouwiya/UNSW-NB15/blob/main/NUSW-NB15_features.csv,Standard deviation of backward-direction packet inter-arrival times. | https://github.com/ahlashkari/CICFlowMeter/blob/master/src/main/java/cic/cs/unb/ca/jnetpcap/FlowFeature.java | https://github.com/KirKenx/CICFlowmeterv4,Current repo maps to CICIDS Bwd IAT Mean; verify exact aggregation formula.,Conditional candidate for UNSW djit; jitter formula must be verified.
dintpkt,bwd_iat_total,interarrival_time,backward,backward,mean_or_dataset_interpacket_measure,sum,milliseconds,microseconds,True,True,mismatch,True,True,DROP,False,Aggregation/statistic definitions are not sufficiently equivalent.,Argus/Bro + UNSW feature generation,CICFlowMeter,Destination-direction inter-packet arrival time measure. | https://research.unsw.edu.au/projects/unsw-nb15-dataset | https://huggingface.co/datasets/Mouwiya/UNSW-NB15/blob/main/NUSW-NB15_features.csv,Sum of backward-direction packet inter-arrival intervals. | https://github.com/ahlashkari/CICFlowMeter/blob/master/src/main/java/cic/cs/unb/ca/jnetpcap/FlowFeature.java | https://github.com/KirKenx/CICFlowmeterv4,Current repo maps to CICIDS Bwd IAT Mean; verify exact aggregation formula.,UNSW dintpkt is not a total; do not map.
dintpkt,flow_iat_max,interarrival_time,backward,bidirectional,mean_or_dataset_interpacket_measure,max,milliseconds,microseconds,True,False,mismatch,True,True,DROP,False,different traffic direction,Argus/Bro + UNSW feature generation,CICFlowMeter,Destination-direction inter-packet arrival time measure. | https://research.unsw.edu.au/projects/unsw-nb15-dataset | https://huggingface.co/datasets/Mouwiya/UNSW-NB15/blob/main/NUSW-NB15_features.csv,Maximum inter-arrival time across the flow. | https://github.com/ahlashkari/CICFlowMeter/blob/master/src/main/java/cic/cs/unb/ca/jnetpcap/FlowFeature.java | https://github.com/KirKenx/CICFlowmeterv4,Current repo maps to CICIDS Bwd IAT Mean; verify exact aggregation formula.,No direct UNSW counterpart.
dintpkt,flow_iat_mean,interarrival_time,backward,bidirectional,mean_or_dataset_interpacket_measure,mean,milliseconds,microseconds,True,False,conditional,True,True,DROP,False,different traffic direction,Argus/Bro + UNSW feature generation,CICFlowMeter,Destination-direction inter-packet arrival time measure. | https://research.unsw.edu.au/projects/unsw-nb15-dataset | https://huggingface.co/datasets/Mouwiya/UNSW-NB15/blob/main/NUSW-NB15_features.csv,Mean inter-arrival time across packets in the flow. | https://github.com/ahlashkari/CICFlowMeter/blob/master/src/main/java/cic/cs/unb/ca/jnetpcap/FlowFeature.java | https://github.com/KirKenx/CICFlowmeterv4,Current repo maps to CICIDS Bwd IAT Mean; verify exact aggregation formula.,UNSW has directional IAT but no direct bidirectional Flow IAT Mean.
dintpkt,flow_iat_min,interarrival_time,backward,bidirectional,mean_or_dataset_interpacket_measure,min,milliseconds,microseconds,True,False,mismatch,True,True,DROP,False,different traffic direction,Argus/Bro + UNSW feature generation,CICFlowMeter,Destination-direction inter-packet arrival time measure. | https://research.unsw.edu.au/projects/unsw-nb15-dataset | https://huggingface.co/datasets/Mouwiya/UNSW-NB15/blob/main/NUSW-NB15_features.csv,Minimum inter-arrival time across the flow. | https://github.com/ahlashkari/CICFlowMeter/blob/master/src/main/java/cic/cs/unb/ca/jnetpcap/FlowFeature.java | https://github.com/KirKenx/CICFlowmeterv4,Current repo maps to CICIDS Bwd IAT Mean; verify exact aggregation formula.,No direct UNSW counterpart.
dintpkt,flow_iat_std,interarrival_time,backward,bidirectional,mean_or_dataset_interpacket_measure,std,milliseconds,microseconds,True,False,mismatch,True,True,DROP,False,different traffic direction,Argus/Bro + UNSW feature generation,CICFlowMeter,Destination-direction inter-packet arrival time measure. | https://research.unsw.edu.au/projects/unsw-nb15-dataset | https://huggingface.co/datasets/Mouwiya/UNSW-NB15/blob/main/NUSW-NB15_features.csv,Standard deviation of packet inter-arrival times across the flow. | https://github.com/ahlashkari/CICFlowMeter/blob/master/src/main/java/cic/cs/unb/ca/jnetpcap/FlowFeature.java | https://github.com/KirKenx/CICFlowmeterv4,Current repo maps to CICIDS Bwd IAT Mean; verify exact aggregation formula.,No direct strict UNSW equivalent.
dintpkt,fwd_iat_max,interarrival_time,backward,forward,mean_or_dataset_interpacket_measure,max,milliseconds,microseconds,True,False,mismatch,True,True,DROP,False,different traffic direction,Argus/Bro + UNSW feature generation,CICFlowMeter,Destination-direction inter-packet arrival time measure. | https://research.unsw.edu.au/projects/unsw-nb15-dataset | https://huggingface.co/datasets/Mouwiya/UNSW-NB15/blob/main/NUSW-NB15_features.csv,Maximum time between successive forward packets. | https://github.com/ahlashkari/CICFlowMeter/blob/master/src/main/java/cic/cs/unb/ca/jnetpcap/FlowFeature.java | https://github.com/KirKenx/CICFlowmeterv4,Current repo maps to CICIDS Bwd IAT Mean; verify exact aggregation formula.,No direct UNSW counterpart.
dintpkt,fwd_iat_mean,interarrival_time,backward,forward,mean_or_dataset_interpacket_measure,mean,milliseconds,microseconds,True,False,conditional,True,True,DROP,False,different traffic direction,Argus/Bro + UNSW feature generation,CICFlowMeter,Destination-direction inter-packet arrival time measure. | https://research.unsw.edu.au/projects/unsw-nb15-dataset | https://huggingface.co/datasets/Mouwiya/UNSW-NB15/blob/main/NUSW-NB15_features.csv,Mean time between successive forward-direction packets. | https://github.com/ahlashkari/CICFlowMeter/blob/master/src/main/java/cic/cs/unb/ca/jnetpcap/FlowFeature.java | https://github.com/KirKenx/CICFlowmeterv4,Current repo maps to CICIDS Bwd IAT Mean; verify exact aggregation formula.,Current repo maps to UNSW sintpkt; verify exact UNSW aggregation formula.
dintpkt,fwd_iat_min,interarrival_time,backward,forward,mean_or_dataset_interpacket_measure,min,milliseconds,microseconds,True,False,mismatch,True,True,DROP,False,different traffic direction,Argus/Bro + UNSW feature generation,CICFlowMeter,Destination-direction inter-packet arrival time measure. | https://research.unsw.edu.au/projects/unsw-nb15-dataset | https://huggingface.co/datasets/Mouwiya/UNSW-NB15/blob/main/NUSW-NB15_features.csv,Minimum time between successive forward packets. | https://github.com/ahlashkari/CICFlowMeter/blob/master/src/main/java/cic/cs/unb/ca/jnetpcap/FlowFeature.java | https://github.com/KirKenx/CICFlowmeterv4,Current repo maps to CICIDS Bwd IAT Mean; verify exact aggregation formula.,No direct UNSW counterpart.
dintpkt,fwd_iat_std,interarrival_time,backward,forward,mean_or_dataset_interpacket_measure,std,milliseconds,microseconds,True,False,mismatch,True,True,DROP,False,different traffic direction,Argus/Bro + UNSW feature generation,CICFlowMeter,Destination-direction inter-packet arrival time measure. | https://research.unsw.edu.au/projects/unsw-nb15-dataset | https://huggingface.co/datasets/Mouwiya/UNSW-NB15/blob/main/NUSW-NB15_features.csv,Standard deviation of forward-direction packet inter-arrival times. | https://github.com/ahlashkari/CICFlowMeter/blob/master/src/main/java/cic/cs/unb/ca/jnetpcap/FlowFeature.java | https://github.com/KirKenx/CICFlowmeterv4,Current repo maps to CICIDS Bwd IAT Mean; verify exact aggregation formula.,Conditional candidate for UNSW sjit; jitter formula must be verified.
dintpkt,fwd_iat_total,interarrival_time,backward,forward,mean_or_dataset_interpacket_measure,sum,milliseconds,microseconds,True,False,mismatch,True,True,DROP,False,different traffic direction,Argus/Bro + UNSW feature generation,CICFlowMeter,Destination-direction inter-packet arrival time measure. | https://research.unsw.edu.au/projects/unsw-nb15-dataset | https://huggingface.co/datasets/Mouwiya/UNSW-NB15/blob/main/NUSW-NB15_features.csv,Sum of forward-direction packet inter-arrival intervals. | https://github.com/ahlashkari/CICFlowMeter/blob/master/src/main/java/cic/cs/unb/ca/jnetpcap/FlowFeature.java | https://github.com/KirKenx/CICFlowmeterv4,Current repo maps to CICIDS Bwd IAT Mean; verify exact aggregation formula.,UNSW sintpkt is not a total; do not map.
sintpkt,bwd_iat_max,interarrival_time,forward,backward,mean_or_dataset_interpacket_measure,max,milliseconds,microseconds,True,False,mismatch,True,True,DROP,False,different traffic direction,Argus/Bro + UNSW feature generation,CICFlowMeter,Source-direction inter-packet arrival time measure. | https://research.unsw.edu.au/projects/unsw-nb15-dataset | https://huggingface.co/datasets/Mouwiya/UNSW-NB15/blob/main/NUSW-NB15_features.csv,Maximum time between successive backward packets. | https://github.com/ahlashkari/CICFlowMeter/blob/master/src/main/java/cic/cs/unb/ca/jnetpcap/FlowFeature.java | https://github.com/KirKenx/CICFlowmeterv4,Current repo maps to CICIDS Fwd IAT Mean; verify exact aggregation formula.,No direct UNSW counterpart.
sintpkt,bwd_iat_mean,interarrival_time,forward,backward,mean_or_dataset_interpacket_measure,mean,milliseconds,microseconds,True,False,conditional,True,True,DROP,False,different traffic direction,Argus/Bro + UNSW feature generation,CICFlowMeter,Source-direction inter-packet arrival time measure. | https://research.unsw.edu.au/projects/unsw-nb15-dataset | https://huggingface.co/datasets/Mouwiya/UNSW-NB15/blob/main/NUSW-NB15_features.csv,Mean time between successive backward-direction packets. | https://github.com/ahlashkari/CICFlowMeter/blob/master/src/main/java/cic/cs/unb/ca/jnetpcap/FlowFeature.java | https://github.com/KirKenx/CICFlowmeterv4,Current repo maps to CICIDS Fwd IAT Mean; verify exact aggregation formula.,Current repo maps to UNSW dintpkt; verify exact UNSW aggregation formula.
sintpkt,bwd_iat_min,interarrival_time,forward,backward,mean_or_dataset_interpacket_measure,min,milliseconds,microseconds,True,False,mismatch,True,True,DROP,False,different traffic direction,Argus/Bro + UNSW feature generation,CICFlowMeter,Source-direction inter-packet arrival time measure. | https://research.unsw.edu.au/projects/unsw-nb15-dataset | https://huggingface.co/datasets/Mouwiya/UNSW-NB15/blob/main/NUSW-NB15_features.csv,Minimum time between successive backward packets. | https://github.com/ahlashkari/CICFlowMeter/blob/master/src/main/java/cic/cs/unb/ca/jnetpcap/FlowFeature.java | https://github.com/KirKenx/CICFlowmeterv4,Current repo maps to CICIDS Fwd IAT Mean; verify exact aggregation formula.,No direct UNSW counterpart.
sintpkt,bwd_iat_std,interarrival_time,forward,backward,mean_or_dataset_interpacket_measure,std,milliseconds,microseconds,True,False,mismatch,True,True,DROP,False,different traffic direction,Argus/Bro + UNSW feature generation,CICFlowMeter,Source-direction inter-packet arrival time measure. | https://research.unsw.edu.au/projects/unsw-nb15-dataset | https://huggingface.co/datasets/Mouwiya/UNSW-NB15/blob/main/NUSW-NB15_features.csv,Standard deviation of backward-direction packet inter-arrival times. | https://github.com/ahlashkari/CICFlowMeter/blob/master/src/main/java/cic/cs/unb/ca/jnetpcap/FlowFeature.java | https://github.com/KirKenx/CICFlowmeterv4,Current repo maps to CICIDS Fwd IAT Mean; verify exact aggregation formula.,Conditional candidate for UNSW djit; jitter formula must be verified.
sintpkt,bwd_iat_total,interarrival_time,forward,backward,mean_or_dataset_interpacket_measure,sum,milliseconds,microseconds,True,False,mismatch,True,True,DROP,False,different traffic direction,Argus/Bro + UNSW feature generation,CICFlowMeter,Source-direction inter-packet arrival time measure. | https://research.unsw.edu.au/projects/unsw-nb15-dataset | https://huggingface.co/datasets/Mouwiya/UNSW-NB15/blob/main/NUSW-NB15_features.csv,Sum of backward-direction packet inter-arrival intervals. | https://github.com/ahlashkari/CICFlowMeter/blob/master/src/main/java/cic/cs/unb/ca/jnetpcap/FlowFeature.java | https://github.com/KirKenx/CICFlowmeterv4,Current repo maps to CICIDS Fwd IAT Mean; verify exact aggregation formula.,UNSW dintpkt is not a total; do not map.
sintpkt,flow_iat_max,interarrival_time,forward,bidirectional,mean_or_dataset_interpacket_measure,max,milliseconds,microseconds,True,False,mismatch,True,True,DROP,False,different traffic direction,Argus/Bro + UNSW feature generation,CICFlowMeter,Source-direction inter-packet arrival time measure. | https://research.unsw.edu.au/projects/unsw-nb15-dataset | https://huggingface.co/datasets/Mouwiya/UNSW-NB15/blob/main/NUSW-NB15_features.csv,Maximum inter-arrival time across the flow. | https://github.com/ahlashkari/CICFlowMeter/blob/master/src/main/java/cic/cs/unb/ca/jnetpcap/FlowFeature.java | https://github.com/KirKenx/CICFlowmeterv4,Current repo maps to CICIDS Fwd IAT Mean; verify exact aggregation formula.,No direct UNSW counterpart.
sintpkt,flow_iat_mean,interarrival_time,forward,bidirectional,mean_or_dataset_interpacket_measure,mean,milliseconds,microseconds,True,False,conditional,True,True,DROP,False,different traffic direction,Argus/Bro + UNSW feature generation,CICFlowMeter,Source-direction inter-packet arrival time measure. | https://research.unsw.edu.au/projects/unsw-nb15-dataset | https://huggingface.co/datasets/Mouwiya/UNSW-NB15/blob/main/NUSW-NB15_features.csv,Mean inter-arrival time across packets in the flow. | https://github.com/ahlashkari/CICFlowMeter/blob/master/src/main/java/cic/cs/unb/ca/jnetpcap/FlowFeature.java | https://github.com/KirKenx/CICFlowmeterv4,Current repo maps to CICIDS Fwd IAT Mean; verify exact aggregation formula.,UNSW has directional IAT but no direct bidirectional Flow IAT Mean.
sintpkt,flow_iat_min,interarrival_time,forward,bidirectional,mean_or_dataset_interpacket_measure,min,milliseconds,microseconds,True,False,mismatch,True,True,DROP,False,different traffic direction,Argus/Bro + UNSW feature generation,CICFlowMeter,Source-direction inter-packet arrival time measure. | https://research.unsw.edu.au/projects/unsw-nb15-dataset | https://huggingface.co/datasets/Mouwiya/UNSW-NB15/blob/main/NUSW-NB15_features.csv,Minimum inter-arrival time across the flow. | https://github.com/ahlashkari/CICFlowMeter/blob/master/src/main/java/cic/cs/unb/ca/jnetpcap/FlowFeature.java | https://github.com/KirKenx/CICFlowmeterv4,Current repo maps to CICIDS Fwd IAT Mean; verify exact aggregation formula.,No direct UNSW counterpart.
sintpkt,flow_iat_std,interarrival_time,forward,bidirectional,mean_or_dataset_interpacket_measure,std,milliseconds,microseconds,True,False,mismatch,True,True,DROP,False,different traffic direction,Argus/Bro + UNSW feature generation,CICFlowMeter,Source-direction inter-packet arrival time measure. | https://research.unsw.edu.au/projects/unsw-nb15-dataset | https://huggingface.co/datasets/Mouwiya/UNSW-NB15/blob/main/NUSW-NB15_features.csv,Standard deviation of packet inter-arrival times across the flow. | https://github.com/ahlashkari/CICFlowMeter/blob/master/src/main/java/cic/cs/unb/ca/jnetpcap/FlowFeature.java | https://github.com/KirKenx/CICFlowmeterv4,Current repo maps to CICIDS Fwd IAT Mean; verify exact aggregation formula.,No direct strict UNSW equivalent.
sintpkt,fwd_iat_max,interarrival_time,forward,forward,mean_or_dataset_interpacket_measure,max,milliseconds,microseconds,True,True,mismatch,True,True,DROP,False,Aggregation/statistic definitions are not sufficiently equivalent.,Argus/Bro + UNSW feature generation,CICFlowMeter,Source-direction inter-packet arrival time measure. | https://research.unsw.edu.au/projects/unsw-nb15-dataset | https://huggingface.co/datasets/Mouwiya/UNSW-NB15/blob/main/NUSW-NB15_features.csv,Maximum time between successive forward packets. | https://github.com/ahlashkari/CICFlowMeter/blob/master/src/main/java/cic/cs/unb/ca/jnetpcap/FlowFeature.java | https://github.com/KirKenx/CICFlowmeterv4,Current repo maps to CICIDS Fwd IAT Mean; verify exact aggregation formula.,No direct UNSW counterpart.
sintpkt,fwd_iat_min,interarrival_time,forward,forward,mean_or_dataset_interpacket_measure,min,milliseconds,microseconds,True,True,mismatch,True,True,DROP,False,Aggregation/statistic definitions are not sufficiently equivalent.,Argus/Bro + UNSW feature generation,CICFlowMeter,Source-direction inter-packet arrival time measure. | https://research.unsw.edu.au/projects/unsw-nb15-dataset | https://huggingface.co/datasets/Mouwiya/UNSW-NB15/blob/main/NUSW-NB15_features.csv,Minimum time between successive forward packets. | https://github.com/ahlashkari/CICFlowMeter/blob/master/src/main/java/cic/cs/unb/ca/jnetpcap/FlowFeature.java | https://github.com/KirKenx/CICFlowmeterv4,Current repo maps to CICIDS Fwd IAT Mean; verify exact aggregation formula.,No direct UNSW counterpart.
sintpkt,fwd_iat_std,interarrival_time,forward,forward,mean_or_dataset_interpacket_measure,std,milliseconds,microseconds,True,True,mismatch,True,True,DROP,False,Aggregation/statistic definitions are not sufficiently equivalent.,Argus/Bro + UNSW feature generation,CICFlowMeter,Source-direction inter-packet arrival time measure. | https://research.unsw.edu.au/projects/unsw-nb15-dataset | https://huggingface.co/datasets/Mouwiya/UNSW-NB15/blob/main/NUSW-NB15_features.csv,Standard deviation of forward-direction packet inter-arrival times. | https://github.com/ahlashkari/CICFlowMeter/blob/master/src/main/java/cic/cs/unb/ca/jnetpcap/FlowFeature.java | https://github.com/KirKenx/CICFlowmeterv4,Current repo maps to CICIDS Fwd IAT Mean; verify exact aggregation formula.,Conditional candidate for UNSW sjit; jitter formula must be verified.
sintpkt,fwd_iat_total,interarrival_time,forward,forward,mean_or_dataset_interpacket_measure,sum,milliseconds,microseconds,True,True,mismatch,True,True,DROP,False,Aggregation/statistic definitions are not sufficiently equivalent.,Argus/Bro + UNSW feature generation,CICFlowMeter,Source-direction inter-packet arrival time measure. | https://research.unsw.edu.au/projects/unsw-nb15-dataset | https://huggingface.co/datasets/Mouwiya/UNSW-NB15/blob/main/NUSW-NB15_features.csv,Sum of forward-direction packet inter-arrival intervals. | https://github.com/ahlashkari/CICFlowMeter/blob/master/src/main/java/cic/cs/unb/ca/jnetpcap/FlowFeature.java | https://github.com/KirKenx/CICFlowmeterv4,Current repo maps to CICIDS Fwd IAT Mean; verify exact aggregation formula.,UNSW sintpkt is not a total; do not map.
dpkts,subflow_bwd_packets,packet_count,backward,backward,total,subflow_aggregate,packets,packets,True,True,mismatch,True,True,DROP,False,Aggregation/statistic definitions are not sufficiently equivalent.,Argus/Bro + UNSW feature generation,CICFlowMeter,Number of packets sent from destination to source. | https://research.unsw.edu.au/projects/unsw-nb15-dataset | https://huggingface.co/datasets/Mouwiya/UNSW-NB15/blob/main/NUSW-NB15_features.csv,Backward packet count aggregated over CICFlowMeter subflow logic. | https://github.com/ahlashkari/CICFlowMeter/blob/master/src/main/java/cic/cs/unb/ca/jnetpcap/FlowFeature.java | https://github.com/KirKenx/CICFlowmeterv4,Strong candidate for CICIDS Total Backward Packets.,Not strictly equivalent to total backward packets.
dpkts,subflow_fwd_packets,packet_count,backward,forward,total,subflow_aggregate,packets,packets,True,False,mismatch,True,True,DROP,False,different traffic direction,Argus/Bro + UNSW feature generation,CICFlowMeter,Number of packets sent from destination to source. | https://research.unsw.edu.au/projects/unsw-nb15-dataset | https://huggingface.co/datasets/Mouwiya/UNSW-NB15/blob/main/NUSW-NB15_features.csv,Forward packet count aggregated over CICFlowMeter subflow logic. | https://github.com/ahlashkari/CICFlowMeter/blob/master/src/main/java/cic/cs/unb/ca/jnetpcap/FlowFeature.java | https://github.com/KirKenx/CICFlowmeterv4,Strong candidate for CICIDS Total Backward Packets.,Not strictly equivalent to total forward packets.
dpkts,total_fwd_packets,packet_count,backward,forward,total,total,packets,packets,True,False,exact,True,True,DROP,False,different traffic direction,Argus/Bro + UNSW feature generation,CICFlowMeter,Number of packets sent from destination to source. | https://research.unsw.edu.au/projects/unsw-nb15-dataset | https://huggingface.co/datasets/Mouwiya/UNSW-NB15/blob/main/NUSW-NB15_features.csv,Total packets observed in the forward direction. | https://github.com/ahlashkari/CICFlowMeter/blob/master/src/main/java/cic/cs/unb/ca/jnetpcap/FlowFeature.java | https://github.com/KirKenx/CICFlowmeterv4,Strong candidate for CICIDS Total Backward Packets.,Strong candidate for UNSW spkts.
spkts,subflow_bwd_packets,packet_count,forward,backward,total,subflow_aggregate,packets,packets,True,False,mismatch,True,True,DROP,False,different traffic direction,Argus/Bro + UNSW feature generation,CICFlowMeter,Number of packets sent from source to destination. | https://research.unsw.edu.au/projects/unsw-nb15-dataset | https://huggingface.co/datasets/Mouwiya/UNSW-NB15/blob/main/NUSW-NB15_features.csv,Backward packet count aggregated over CICFlowMeter subflow logic. | https://github.com/ahlashkari/CICFlowMeter/blob/master/src/main/java/cic/cs/unb/ca/jnetpcap/FlowFeature.java | https://github.com/KirKenx/CICFlowmeterv4,Strong candidate for CICIDS Total Fwd Packets.,Not strictly equivalent to total backward packets.
spkts,subflow_fwd_packets,packet_count,forward,forward,total,subflow_aggregate,packets,packets,True,True,mismatch,True,True,DROP,False,Aggregation/statistic definitions are not sufficiently equivalent.,Argus/Bro + UNSW feature generation,CICFlowMeter,Number of packets sent from source to destination. | https://research.unsw.edu.au/projects/unsw-nb15-dataset | https://huggingface.co/datasets/Mouwiya/UNSW-NB15/blob/main/NUSW-NB15_features.csv,Forward packet count aggregated over CICFlowMeter subflow logic. | https://github.com/ahlashkari/CICFlowMeter/blob/master/src/main/java/cic/cs/unb/ca/jnetpcap/FlowFeature.java | https://github.com/KirKenx/CICFlowmeterv4,Strong candidate for CICIDS Total Fwd Packets.,Not strictly equivalent to total forward packets.
spkts,total_backward_packets,packet_count,forward,backward,total,total,packets,packets,True,False,exact,True,True,DROP,False,different traffic direction,Argus/Bro + UNSW feature generation,CICFlowMeter,Number of packets sent from source to destination. | https://research.unsw.edu.au/projects/unsw-nb15-dataset | https://huggingface.co/datasets/Mouwiya/UNSW-NB15/blob/main/NUSW-NB15_features.csv,Total packets observed in the backward direction. | https://github.com/ahlashkari/CICFlowMeter/blob/master/src/main/java/cic/cs/unb/ca/jnetpcap/FlowFeature.java | https://github.com/KirKenx/CICFlowmeterv4,Strong candidate for CICIDS Total Fwd Packets.,Strong candidate for UNSW dpkts.
dmeansz,average_packet_size,packet_length,backward,bidirectional,mean,mean,bytes/packet,bytes/packet,True,False,exact,True,True,DROP,False,different traffic direction,Argus/Bro + UNSW feature generation,CICFlowMeter,Mean packet size for packets transmitted by the destination. | https://research.unsw.edu.au/projects/unsw-nb15-dataset | https://huggingface.co/datasets/Mouwiya/UNSW-NB15/blob/main/NUSW-NB15_features.csv,Average packet size across the flow. | https://github.com/ahlashkari/CICFlowMeter/blob/master/src/main/java/cic/cs/unb/ca/jnetpcap/FlowFeature.java | https://github.com/KirKenx/CICFlowmeterv4,"Strong candidate for CICIDS Bwd Packet Length Mean, subject to packet-size definition.",Potentially redundant with Packet Length Mean; verify CICFlowMeter implementation.
dmeansz,bwd_packet_length_max,packet_length,backward,backward,mean,max,bytes/packet,bytes,True,True,mismatch,False,True,DROP,False,units are not directly compatible,Argus/Bro + UNSW feature generation,CICFlowMeter,Mean packet size for packets transmitted by the destination. | https://research.unsw.edu.au/projects/unsw-nb15-dataset | https://huggingface.co/datasets/Mouwiya/UNSW-NB15/blob/main/NUSW-NB15_features.csv,Maximum backward-direction packet length. | https://github.com/ahlashkari/CICFlowMeter/blob/master/src/main/java/cic/cs/unb/ca/jnetpcap/FlowFeature.java | https://github.com/KirKenx/CICFlowmeterv4,"Strong candidate for CICIDS Bwd Packet Length Mean, subject to packet-size definition.",No exact UNSW max-length feature.
dmeansz,bwd_packet_length_min,packet_length,backward,backward,mean,min,bytes/packet,bytes,True,True,mismatch,False,True,DROP,False,units are not directly compatible,Argus/Bro + UNSW feature generation,CICFlowMeter,Mean packet size for packets transmitted by the destination. | https://research.unsw.edu.au/projects/unsw-nb15-dataset | https://huggingface.co/datasets/Mouwiya/UNSW-NB15/blob/main/NUSW-NB15_features.csv,Minimum backward-direction packet length. | https://github.com/ahlashkari/CICFlowMeter/blob/master/src/main/java/cic/cs/unb/ca/jnetpcap/FlowFeature.java | https://github.com/KirKenx/CICFlowmeterv4,"Strong candidate for CICIDS Bwd Packet Length Mean, subject to packet-size definition.",No exact UNSW min-length feature.
dmeansz,bwd_packet_length_std,packet_length,backward,backward,mean,std,bytes/packet,bytes,True,True,mismatch,False,True,DROP,False,units are not directly compatible,Argus/Bro + UNSW feature generation,CICFlowMeter,Mean packet size for packets transmitted by the destination. | https://research.unsw.edu.au/projects/unsw-nb15-dataset | https://huggingface.co/datasets/Mouwiya/UNSW-NB15/blob/main/NUSW-NB15_features.csv,Standard deviation of backward-direction packet lengths. | https://github.com/ahlashkari/CICFlowMeter/blob/master/src/main/java/cic/cs/unb/ca/jnetpcap/FlowFeature.java | https://github.com/KirKenx/CICFlowmeterv4,"Strong candidate for CICIDS Bwd Packet Length Mean, subject to packet-size definition.",No exact UNSW counterpart.
dmeansz,fwd_packet_length_max,packet_length,backward,forward,mean,max,bytes/packet,bytes,True,False,mismatch,False,True,DROP,False,different traffic direction; units are not directly compatible,Argus/Bro + UNSW feature generation,CICFlowMeter,Mean packet size for packets transmitted by the destination. | https://research.unsw.edu.au/projects/unsw-nb15-dataset | https://huggingface.co/datasets/Mouwiya/UNSW-NB15/blob/main/NUSW-NB15_features.csv,Maximum forward-direction packet length. | https://github.com/ahlashkari/CICFlowMeter/blob/master/src/main/java/cic/cs/unb/ca/jnetpcap/FlowFeature.java | https://github.com/KirKenx/CICFlowmeterv4,"Strong candidate for CICIDS Bwd Packet Length Mean, subject to packet-size definition.",No exact UNSW max-length feature.
dmeansz,fwd_packet_length_mean,packet_length,backward,forward,mean,mean,bytes/packet,bytes/packet,True,False,exact,True,True,DROP,False,different traffic direction,Argus/Bro + UNSW feature generation,CICFlowMeter,Mean packet size for packets transmitted by the destination. | https://research.unsw.edu.au/projects/unsw-nb15-dataset | https://huggingface.co/datasets/Mouwiya/UNSW-NB15/blob/main/NUSW-NB15_features.csv,Mean forward-direction packet length. | https://github.com/ahlashkari/CICFlowMeter/blob/master/src/main/java/cic/cs/unb/ca/jnetpcap/FlowFeature.java | https://github.com/KirKenx/CICFlowmeterv4,"Strong candidate for CICIDS Bwd Packet Length Mean, subject to packet-size definition.","Strong candidate for UNSW smeansz, subject to packet-size definition."
dmeansz,fwd_packet_length_min,packet_length,backward,forward,mean,min,bytes/packet,bytes,True,False,mismatch,False,True,DROP,False,different traffic direction; units are not directly compatible,Argus/Bro + UNSW feature generation,CICFlowMeter,Mean packet size for packets transmitted by the destination. | https://research.unsw.edu.au/projects/unsw-nb15-dataset | https://huggingface.co/datasets/Mouwiya/UNSW-NB15/blob/main/NUSW-NB15_features.csv,Minimum forward-direction packet length. | https://github.com/ahlashkari/CICFlowMeter/blob/master/src/main/java/cic/cs/unb/ca/jnetpcap/FlowFeature.java | https://github.com/KirKenx/CICFlowmeterv4,"Strong candidate for CICIDS Bwd Packet Length Mean, subject to packet-size definition.",No exact UNSW min-length feature.
dmeansz,fwd_packet_length_std,packet_length,backward,forward,mean,std,bytes/packet,bytes,True,False,mismatch,False,True,DROP,False,different traffic direction; units are not directly compatible,Argus/Bro + UNSW feature generation,CICFlowMeter,Mean packet size for packets transmitted by the destination. | https://research.unsw.edu.au/projects/unsw-nb15-dataset | https://huggingface.co/datasets/Mouwiya/UNSW-NB15/blob/main/NUSW-NB15_features.csv,Standard deviation of forward-direction packet lengths. | https://github.com/ahlashkari/CICFlowMeter/blob/master/src/main/java/cic/cs/unb/ca/jnetpcap/FlowFeature.java | https://github.com/KirKenx/CICFlowmeterv4,"Strong candidate for CICIDS Bwd Packet Length Mean, subject to packet-size definition.",No exact UNSW counterpart.
dmeansz,max_packet_length,packet_length,backward,bidirectional,mean,max,bytes/packet,bytes,True,False,mismatch,False,True,DROP,False,different traffic direction; units are not directly compatible,Argus/Bro + UNSW feature generation,CICFlowMeter,Mean packet size for packets transmitted by the destination. | https://research.unsw.edu.au/projects/unsw-nb15-dataset | https://huggingface.co/datasets/Mouwiya/UNSW-NB15/blob/main/NUSW-NB15_features.csv,Maximum packet length across the flow. | https://github.com/ahlashkari/CICFlowMeter/blob/master/src/main/java/cic/cs/unb/ca/jnetpcap/FlowFeature.java | https://github.com/KirKenx/CICFlowmeterv4,"Strong candidate for CICIDS Bwd Packet Length Mean, subject to packet-size definition.",No direct UNSW counterpart.
dmeansz,min_packet_length,packet_length,backward,bidirectional,mean,min,bytes/packet,bytes,True,False,mismatch,False,True,DROP,False,different traffic direction; units are not directly compatible,Argus/Bro + UNSW feature generation,CICFlowMeter,Mean packet size for packets transmitted by the destination. | https://research.unsw.edu.au/projects/unsw-nb15-dataset | https://huggingface.co/datasets/Mouwiya/UNSW-NB15/blob/main/NUSW-NB15_features.csv,Minimum packet length across the flow. | https://github.com/ahlashkari/CICFlowMeter/blob/master/src/main/java/cic/cs/unb/ca/jnetpcap/FlowFeature.java | https://github.com/KirKenx/CICFlowmeterv4,"Strong candidate for CICIDS Bwd Packet Length Mean, subject to packet-size definition.",No direct UNSW counterpart.
dmeansz,packet_length_mean,packet_length,backward,bidirectional,mean,mean,bytes/packet,bytes/packet,True,False,exact,True,True,DROP,False,different traffic direction,Argus/Bro + UNSW feature generation,CICFlowMeter,Mean packet size for packets transmitted by the destination. | https://research.unsw.edu.au/projects/unsw-nb15-dataset | https://huggingface.co/datasets/Mouwiya/UNSW-NB15/blob/main/NUSW-NB15_features.csv,Mean packet length across both directions. | https://github.com/ahlashkari/CICFlowMeter/blob/master/src/main/java/cic/cs/unb/ca/jnetpcap/FlowFeature.java | https://github.com/KirKenx/CICFlowmeterv4,"Strong candidate for CICIDS Bwd Packet Length Mean, subject to packet-size definition.",UNSW provides directional means instead.
dmeansz,packet_length_std,packet_length,backward,bidirectional,mean,std,bytes/packet,bytes,True,False,mismatch,False,True,DROP,False,different traffic direction; units are not directly compatible,Argus/Bro + UNSW feature generation,CICFlowMeter,Mean packet size for packets transmitted by the destination. | https://research.unsw.edu.au/projects/unsw-nb15-dataset | https://huggingface.co/datasets/Mouwiya/UNSW-NB15/blob/main/NUSW-NB15_features.csv,Standard deviation of packet length across the flow. | https://github.com/ahlashkari/CICFlowMeter/blob/master/src/main/java/cic/cs/unb/ca/jnetpcap/FlowFeature.java | https://github.com/KirKenx/CICFlowmeterv4,"Strong candidate for CICIDS Bwd Packet Length Mean, subject to packet-size definition.",No direct UNSW counterpart.
dmeansz,packet_length_variance,packet_length,backward,bidirectional,mean,variance,bytes/packet,bytes^2,True,False,mismatch,False,True,DROP,False,different traffic direction; units are not directly compatible,Argus/Bro + UNSW feature generation,CICFlowMeter,Mean packet size for packets transmitted by the destination. | https://research.unsw.edu.au/projects/unsw-nb15-dataset | https://huggingface.co/datasets/Mouwiya/UNSW-NB15/blob/main/NUSW-NB15_features.csv,Variance of packet length across the flow. | https://github.com/ahlashkari/CICFlowMeter/blob/master/src/main/java/cic/cs/unb/ca/jnetpcap/FlowFeature.java | https://github.com/KirKenx/CICFlowmeterv4,"Strong candidate for CICIDS Bwd Packet Length Mean, subject to packet-size definition.",No direct UNSW counterpart.
smeansz,average_packet_size,packet_length,forward,bidirectional,mean,mean,bytes/packet,bytes/packet,True,False,exact,True,True,DROP,False,different traffic direction,Argus/Bro + UNSW feature generation,CICFlowMeter,Mean packet size for packets transmitted by the source. | https://research.unsw.edu.au/projects/unsw-nb15-dataset | https://huggingface.co/datasets/Mouwiya/UNSW-NB15/blob/main/NUSW-NB15_features.csv,Average packet size across the flow. | https://github.com/ahlashkari/CICFlowMeter/blob/master/src/main/java/cic/cs/unb/ca/jnetpcap/FlowFeature.java | https://github.com/KirKenx/CICFlowmeterv4,"Strong candidate for CICIDS Fwd Packet Length Mean, subject to packet-size definition.",Potentially redundant with Packet Length Mean; verify CICFlowMeter implementation.
smeansz,bwd_packet_length_max,packet_length,forward,backward,mean,max,bytes/packet,bytes,True,False,mismatch,False,True,DROP,False,different traffic direction; units are not directly compatible,Argus/Bro + UNSW feature generation,CICFlowMeter,Mean packet size for packets transmitted by the source. | https://research.unsw.edu.au/projects/unsw-nb15-dataset | https://huggingface.co/datasets/Mouwiya/UNSW-NB15/blob/main/NUSW-NB15_features.csv,Maximum backward-direction packet length. | https://github.com/ahlashkari/CICFlowMeter/blob/master/src/main/java/cic/cs/unb/ca/jnetpcap/FlowFeature.java | https://github.com/KirKenx/CICFlowmeterv4,"Strong candidate for CICIDS Fwd Packet Length Mean, subject to packet-size definition.",No exact UNSW max-length feature.
smeansz,bwd_packet_length_mean,packet_length,forward,backward,mean,mean,bytes/packet,bytes/packet,True,False,exact,True,True,DROP,False,different traffic direction,Argus/Bro + UNSW feature generation,CICFlowMeter,Mean packet size for packets transmitted by the source. | https://research.unsw.edu.au/projects/unsw-nb15-dataset | https://huggingface.co/datasets/Mouwiya/UNSW-NB15/blob/main/NUSW-NB15_features.csv,Mean backward-direction packet length. | https://github.com/ahlashkari/CICFlowMeter/blob/master/src/main/java/cic/cs/unb/ca/jnetpcap/FlowFeature.java | https://github.com/KirKenx/CICFlowmeterv4,"Strong candidate for CICIDS Fwd Packet Length Mean, subject to packet-size definition.","Strong candidate for UNSW dmeansz, subject to packet-size definition."
smeansz,bwd_packet_length_min,packet_length,forward,backward,mean,min,bytes/packet,bytes,True,False,mismatch,False,True,DROP,False,different traffic direction; units are not directly compatible,Argus/Bro + UNSW feature generation,CICFlowMeter,Mean packet size for packets transmitted by the source. | https://research.unsw.edu.au/projects/unsw-nb15-dataset | https://huggingface.co/datasets/Mouwiya/UNSW-NB15/blob/main/NUSW-NB15_features.csv,Minimum backward-direction packet length. | https://github.com/ahlashkari/CICFlowMeter/blob/master/src/main/java/cic/cs/unb/ca/jnetpcap/FlowFeature.java | https://github.com/KirKenx/CICFlowmeterv4,"Strong candidate for CICIDS Fwd Packet Length Mean, subject to packet-size definition.",No exact UNSW min-length feature.
smeansz,bwd_packet_length_std,packet_length,forward,backward,mean,std,bytes/packet,bytes,True,False,mismatch,False,True,DROP,False,different traffic direction; units are not directly compatible,Argus/Bro + UNSW feature generation,CICFlowMeter,Mean packet size for packets transmitted by the source. | https://research.unsw.edu.au/projects/unsw-nb15-dataset | https://huggingface.co/datasets/Mouwiya/UNSW-NB15/blob/main/NUSW-NB15_features.csv,Standard deviation of backward-direction packet lengths. | https://github.com/ahlashkari/CICFlowMeter/blob/master/src/main/java/cic/cs/unb/ca/jnetpcap/FlowFeature.java | https://github.com/KirKenx/CICFlowmeterv4,"Strong candidate for CICIDS Fwd Packet Length Mean, subject to packet-size definition.",No exact UNSW counterpart.
smeansz,fwd_packet_length_max,packet_length,forward,forward,mean,max,bytes/packet,bytes,True,True,mismatch,False,True,DROP,False,units are not directly compatible,Argus/Bro + UNSW feature generation,CICFlowMeter,Mean packet size for packets transmitted by the source. | https://research.unsw.edu.au/projects/unsw-nb15-dataset | https://huggingface.co/datasets/Mouwiya/UNSW-NB15/blob/main/NUSW-NB15_features.csv,Maximum forward-direction packet length. | https://github.com/ahlashkari/CICFlowMeter/blob/master/src/main/java/cic/cs/unb/ca/jnetpcap/FlowFeature.java | https://github.com/KirKenx/CICFlowmeterv4,"Strong candidate for CICIDS Fwd Packet Length Mean, subject to packet-size definition.",No exact UNSW max-length feature.
smeansz,fwd_packet_length_min,packet_length,forward,forward,mean,min,bytes/packet,bytes,True,True,mismatch,False,True,DROP,False,units are not directly compatible,Argus/Bro + UNSW feature generation,CICFlowMeter,Mean packet size for packets transmitted by the source. | https://research.unsw.edu.au/projects/unsw-nb15-dataset | https://huggingface.co/datasets/Mouwiya/UNSW-NB15/blob/main/NUSW-NB15_features.csv,Minimum forward-direction packet length. | https://github.com/ahlashkari/CICFlowMeter/blob/master/src/main/java/cic/cs/unb/ca/jnetpcap/FlowFeature.java | https://github.com/KirKenx/CICFlowmeterv4,"Strong candidate for CICIDS Fwd Packet Length Mean, subject to packet-size definition.",No exact UNSW min-length feature.
smeansz,fwd_packet_length_std,packet_length,forward,forward,mean,std,bytes/packet,bytes,True,True,mismatch,False,True,DROP,False,units are not directly compatible,Argus/Bro + UNSW feature generation,CICFlowMeter,Mean packet size for packets transmitted by the source. | https://research.unsw.edu.au/projects/unsw-nb15-dataset | https://huggingface.co/datasets/Mouwiya/UNSW-NB15/blob/main/NUSW-NB15_features.csv,Standard deviation of forward-direction packet lengths. | https://github.com/ahlashkari/CICFlowMeter/blob/master/src/main/java/cic/cs/unb/ca/jnetpcap/FlowFeature.java | https://github.com/KirKenx/CICFlowmeterv4,"Strong candidate for CICIDS Fwd Packet Length Mean, subject to packet-size definition.",No exact UNSW counterpart.
smeansz,max_packet_length,packet_length,forward,bidirectional,mean,max,bytes/packet,bytes,True,False,mismatch,False,True,DROP,False,different traffic direction; units are not directly compatible,Argus/Bro + UNSW feature generation,CICFlowMeter,Mean packet size for packets transmitted by the source. | https://research.unsw.edu.au/projects/unsw-nb15-dataset | https://huggingface.co/datasets/Mouwiya/UNSW-NB15/blob/main/NUSW-NB15_features.csv,Maximum packet length across the flow. | https://github.com/ahlashkari/CICFlowMeter/blob/master/src/main/java/cic/cs/unb/ca/jnetpcap/FlowFeature.java | https://github.com/KirKenx/CICFlowmeterv4,"Strong candidate for CICIDS Fwd Packet Length Mean, subject to packet-size definition.",No direct UNSW counterpart.
smeansz,min_packet_length,packet_length,forward,bidirectional,mean,min,bytes/packet,bytes,True,False,mismatch,False,True,DROP,False,different traffic direction; units are not directly compatible,Argus/Bro + UNSW feature generation,CICFlowMeter,Mean packet size for packets transmitted by the source. | https://research.unsw.edu.au/projects/unsw-nb15-dataset | https://huggingface.co/datasets/Mouwiya/UNSW-NB15/blob/main/NUSW-NB15_features.csv,Minimum packet length across the flow. | https://github.com/ahlashkari/CICFlowMeter/blob/master/src/main/java/cic/cs/unb/ca/jnetpcap/FlowFeature.java | https://github.com/KirKenx/CICFlowmeterv4,"Strong candidate for CICIDS Fwd Packet Length Mean, subject to packet-size definition.",No direct UNSW counterpart.
smeansz,packet_length_mean,packet_length,forward,bidirectional,mean,mean,bytes/packet,bytes/packet,True,False,exact,True,True,DROP,False,different traffic direction,Argus/Bro + UNSW feature generation,CICFlowMeter,Mean packet size for packets transmitted by the source. | https://research.unsw.edu.au/projects/unsw-nb15-dataset | https://huggingface.co/datasets/Mouwiya/UNSW-NB15/blob/main/NUSW-NB15_features.csv,Mean packet length across both directions. | https://github.com/ahlashkari/CICFlowMeter/blob/master/src/main/java/cic/cs/unb/ca/jnetpcap/FlowFeature.java | https://github.com/KirKenx/CICFlowmeterv4,"Strong candidate for CICIDS Fwd Packet Length Mean, subject to packet-size definition.",UNSW provides directional means instead.
smeansz,packet_length_std,packet_length,forward,bidirectional,mean,std,bytes/packet,bytes,True,False,mismatch,False,True,DROP,False,different traffic direction; units are not directly compatible,Argus/Bro + UNSW feature generation,CICFlowMeter,Mean packet size for packets transmitted by the source. | https://research.unsw.edu.au/projects/unsw-nb15-dataset | https://huggingface.co/datasets/Mouwiya/UNSW-NB15/blob/main/NUSW-NB15_features.csv,Standard deviation of packet length across the flow. | https://github.com/ahlashkari/CICFlowMeter/blob/master/src/main/java/cic/cs/unb/ca/jnetpcap/FlowFeature.java | https://github.com/KirKenx/CICFlowmeterv4,"Strong candidate for CICIDS Fwd Packet Length Mean, subject to packet-size definition.",No direct UNSW counterpart.
smeansz,packet_length_variance,packet_length,forward,bidirectional,mean,variance,bytes/packet,bytes^2,True,False,mismatch,False,True,DROP,False,different traffic direction; units are not directly compatible,Argus/Bro + UNSW feature generation,CICFlowMeter,Mean packet size for packets transmitted by the source. | https://research.unsw.edu.au/projects/unsw-nb15-dataset | https://huggingface.co/datasets/Mouwiya/UNSW-NB15/blob/main/NUSW-NB15_features.csv,Variance of packet length across the flow. | https://github.com/ahlashkari/CICFlowMeter/blob/master/src/main/java/cic/cs/unb/ca/jnetpcap/FlowFeature.java | https://github.com/KirKenx/CICFlowmeterv4,"Strong candidate for CICIDS Fwd Packet Length Mean, subject to packet-size definition.",No direct UNSW counterpart.
dload,flow_bytes_s,traffic_rate,backward,bidirectional,rate,rate,bits/second,bytes/second,True,False,exact,False,True,DROP,False,different traffic direction; units are not directly compatible,Argus/Bro + UNSW feature generation,CICFlowMeter,Destination-to-source traffic load expressed as bits per second. | https://research.unsw.edu.au/projects/unsw-nb15-dataset | https://huggingface.co/datasets/Mouwiya/UNSW-NB15/blob/main/NUSW-NB15_features.csv,Overall flow byte throughput per second. | https://github.com/ahlashkari/CICFlowMeter/blob/master/src/main/java/cic/cs/unb/ca/jnetpcap/FlowFeature.java | https://github.com/KirKenx/CICFlowmeterv4,Conceptually related to backward byte rate; CICIDS lacks a direct named backward bytes/s feature.,"Could be derived from UNSW sbytes+dbytes and dur, but is not a direct raw-feature equivalent."
dload,flow_packets_s,traffic_rate,backward,bidirectional,rate,rate,bits/second,packets/second,True,False,exact,False,True,DROP,False,different traffic direction; units are not directly compatible,Argus/Bro + UNSW feature generation,CICFlowMeter,Destination-to-source traffic load expressed as bits per second. | https://research.unsw.edu.au/projects/unsw-nb15-dataset | https://huggingface.co/datasets/Mouwiya/UNSW-NB15/blob/main/NUSW-NB15_features.csv,Overall flow packet rate per second. | https://github.com/ahlashkari/CICFlowMeter/blob/master/src/main/java/cic/cs/unb/ca/jnetpcap/FlowFeature.java | https://github.com/KirKenx/CICFlowmeterv4,Conceptually related to backward byte rate; CICIDS lacks a direct named backward bytes/s feature.,Could be derived from UNSW spkts+dpkts and dur.
sload,flow_bytes_s,traffic_rate,forward,bidirectional,rate,rate,bits/second,bytes/second,True,False,exact,False,True,DROP,False,different traffic direction; units are not directly compatible,Argus/Bro + UNSW feature generation,CICFlowMeter,Source-to-destination traffic load expressed as bits per second. | https://research.unsw.edu.au/projects/unsw-nb15-dataset | https://huggingface.co/datasets/Mouwiya/UNSW-NB15/blob/main/NUSW-NB15_features.csv,Overall flow byte throughput per second. | https://github.com/ahlashkari/CICFlowMeter/blob/master/src/main/java/cic/cs/unb/ca/jnetpcap/FlowFeature.java | https://github.com/KirKenx/CICFlowmeterv4,Conceptually related to byte rate but unit/calculation must be checked before mapping.,"Could be derived from UNSW sbytes+dbytes and dur, but is not a direct raw-feature equivalent."
sload,flow_packets_s,traffic_rate,forward,bidirectional,rate,rate,bits/second,packets/second,True,False,exact,False,True,DROP,False,different traffic direction; units are not directly compatible,Argus/Bro + UNSW feature generation,CICFlowMeter,Source-to-destination traffic load expressed as bits per second. | https://research.unsw.edu.au/projects/unsw-nb15-dataset | https://huggingface.co/datasets/Mouwiya/UNSW-NB15/blob/main/NUSW-NB15_features.csv,Overall flow packet rate per second. | https://github.com/ahlashkari/CICFlowMeter/blob/master/src/main/java/cic/cs/unb/ca/jnetpcap/FlowFeature.java | https://github.com/KirKenx/CICFlowmeterv4,Conceptually related to byte rate but unit/calculation must be checked before mapping.,Could be derived from UNSW spkts+dpkts and dur.
sport,destination_port,transport_port,source,destination,identity,identity,port,port,True,False,exact,True,True,DROP,False,different traffic direction,Argus/Bro + UNSW feature generation,CICFlowMeter,Source transport-layer port number. | https://research.unsw.edu.au/projects/unsw-nb15-dataset | https://huggingface.co/datasets/Mouwiya/UNSW-NB15/blob/main/NUSW-NB15_features.csv,Destination transport-layer port number. | https://github.com/ahlashkari/CICFlowMeter/blob/master/src/main/java/cic/cs/unb/ca/jnetpcap/FlowFeature.java | https://github.com/KirKenx/CICFlowmeterv4,Potentially comparable to a source-port field only if the target dataset retains it.,Potential candidate for UNSW dsport.
